/home/lucien/projet_lepinoc/data/data/lepinoc2022-4/ann/ae2c708e26059012132602b9bce53c78.jpg,0.388021,0.814331,0.052734,0.054932,Lepidoptera
/home/lucien/projet_lepinoc/data/data/lepinoc2022-4/ann/d1769e7a286b017fb1a3c3cfb03e67cc.jpg,0.480957,0.020508,0.112305,0.040527,Cyclophora
/home/lucien/projet_lepinoc/data/data/lepinoc2022-4/ann/d1769e7a286b017fb1a3c3cfb03e67cc.jpg,0.053548,0.100464,0.045247,0.037354,Eudonia
/home/lucien/projet_lepinoc/data/data/lepinoc2022-4/ann/d1769e7a286b017fb1a3c3cfb03e67cc.jpg,0.141276,0.122681,0.033854,0.075928,Ancylolomia
/home/lucien/projet_lepinoc/data/data/lepinoc2022-4/ann/d1769e7a286b017fb1a3c3cfb03e67cc.jpg,0.813314,0.367920,0.040690,0.037109,Eudonia
/home/lucien/projet_lepinoc/data/data/lepinoc2022-4/ann/d1769e7a286b017fb1a3c3cfb03e67cc.jpg,0.302246,0.713135,0.019857,0.028320,Tortricidae
/home/lucien/projet_lepinoc/data/data/lepinoc2022-4/ann/d1769e7a286b017fb1a3c3cfb03e67cc.jpg,0.860352,0.893066,0.081380,0.049805,Geometridae
/home/lucien/projet_lepinoc/data/data/lepinoc2022-4/ann/e8cf18557d3ec85cfedbdbfc1485ff53.jpg,0.776204,0.184204,0.083659,0.034912,Idaea filicata
/home/lucien/projet_lepinoc/data/data/lepinoc2022-4/ann/e8cf18557d3ec85cfedbdbfc1485ff53.jpg,0.969238,0.047241,0.042643,0.050049,Lepidoptera
/home/lucien/projet_lepinoc/data/data/lepinoc2022-4/ann/e8cf18557d3ec85cfedbdbfc1485ff53.jpg,0.189290,0.393433,0.021810,0.019775,Lepidoptera
/home/lucien/projet_lepinoc/data/data/lepinoc2022-4/ann/e8cf18557d3ec85cfedbdbfc1485ff53.jpg,0.212402,0.531128,0.029622,0.022217,Lepidoptera
/home/lucien/projet_lepinoc/data/data/lepinoc2022-4/ann/307391b4aeba5916ba55c6bc070a532d.jpg,0.153483,0.238281,0.069987,0.050781,Nycteola revayana
/home/lucien/projet_lepinoc/data/data/lepinoc2022-4/ann/307391b4aeba5916ba55c6bc070a532d.jpg,0.600586,0.190796,0.062500,0.057373,Nycteola revayana
/home/lucien/projet_lepinoc/data/data/lepinoc2022-4/ann/307391b4aeba5916ba55c6bc070a532d.jpg,0.405273,0.338623,0.044922,0.048828,Nycteola revayana
/home/lucien/projet_lepinoc/data/data/lepinoc2022-4/ann/307391b4aeba5916ba55c6bc070a532d.jpg,0.328776,0.424683,0.050130,0.057373,Nycteola revayana
/home/lucien/projet_lepinoc/data/data/lepinoc2022-4/ann/307391b4aeba5916ba55c6bc070a532d.jpg,0.427083,0.435425,0.061198,0.050537,Nycteola revayana
/home/lucien/projet_lepinoc/data/data/lepinoc2022-4/ann/307391b4aeba5916ba55c6bc070a532d.jpg,0.833984,0.569214,0.043620,0.044189,Nycteola revayana
/home/lucien/projet_lepinoc/data/data/lepinoc2022-4/ann/307391b4aeba5916ba55c6bc070a532d.jpg,0.480957,0.781006,0.051107,0.041504,Nycteola revayana
/home/lucien/projet_lepinoc/data/data/lepinoc2022-4/ann/307391b4aeba5916ba55c6bc070a532d.jpg,0.904785,0.566406,0.072591,0.047852,Noctuidae
/home/lucien/projet_lepinoc/data/data/lepinoc2022-4/ann/307391b4aeba5916ba55c6bc070a532d.jpg,0.224935,0.467896,0.022786,0.019775,Lepidoptera
/home/lucien/projet_lepinoc/data/data/lepinoc2022-4/ann/307391b4aeba5916ba55c6bc070a532d.jpg,0.329590,0.571167,0.038737,0.031006,Eucrostes indigenata
/home/lucien/projet_lepinoc/data/data/lepinoc2022-4/ann/307391b4aeba5916ba55c6bc070a532d.jpg,0.448405,0.751343,0.051107,0.029053,Dolicharthria punctalis
/home/lucien/projet_lepinoc/data/data/lepinoc2022-4/ann/307391b4aeba5916ba55c6bc070a532d.jpg,0.699382,0.701172,0.069987,0.022461,Geometridae
/home/lucien/projet_lepinoc/data/data/lepinoc2022-4/ann/307391b4aeba5916ba55c6bc070a532d.jpg,0.447754,0.867432,0.027669,0.020508,Tortricidae
/home/lucien/projet_lepinoc/data/data/lepinoc2022-4/ann/307391b4aeba5916ba55c6bc070a532d.jpg,0.405111,0.948608,0.090169,0.042236,Pterophoridae
/home/lucien/projet_lepinoc/data/data/lepinoc2022-4/ann/89d1dab41027ee26aba4213ecdb04e9a.jpg,0.742025,0.136475,0.030273,0.036621,Lepidoptera
/home/lucien/projet_lepinoc/data/data/lepinoc2022-4/ann/89d1dab41027ee26aba4213ecdb04e9a.jpg,0.489258,0.264648,0.032552,0.048828,Lepidoptera
/home/lucien/projet_lepinoc/data/data/lepinoc2022-4/ann/89d1dab41027ee26aba4213ecdb04e9a.jpg,0.104818,0.106812,0.035156,0.047119,Noctuidae
/home/lucien/projet_lepinoc/data/data/lepinoc2022-4/ann/89d1dab41027ee26aba4213ecdb04e9a.jpg,0.529785,0.142456,0.096680,0.052490,Scopula rubiginata
/home/lucien/projet_lepinoc/data/data/lepinoc2022-4/ann/89d1dab41027ee26aba4213ecdb04e9a.jpg,0.880859,0.277710,0.097656,0.041260,Scopula rubiginata
/home/lucien/projet_lepinoc/data/data/lepinoc2022-4/ann/89d1dab41027ee26aba4213ecdb04e9a.jpg,0.456055,0.499268,0.066406,0.050781,Scopula rubiginata
/home/lucien/projet_lepinoc/data/data/lepinoc2022-4/ann/89d1dab41027ee26aba4213ecdb04e9a.jpg,0.514160,0.322266,0.034831,0.034668,Eudonia
/home/lucien/projet_lepinoc/data/data/lepinoc2022-4/ann/89d1dab41027ee26aba4213ecdb04e9a.jpg,0.245117,0.660767,0.097656,0.033936,Geometridae
/home/lucien/projet_lepinoc/data/data/lepinoc2022-4/ann/89d1dab41027ee26aba4213ecdb04e9a.jpg,0.094076,0.902100,0.066406,0.048828,Oncocera semirubella
/home/lucien/projet_lepinoc/data/data/lepinoc2022-4/ann/89d1dab41027ee26aba4213ecdb04e9a.jpg,0.655111,0.773071,0.026367,0.064697,Lepidoptera
/home/lucien/projet_lepinoc/data/data/lepinoc2022-4/ann/89d1dab41027ee26aba4213ecdb04e9a.jpg,0.686849,0.755615,0.032552,0.044922,Lepidoptera
/home/lucien/projet_lepinoc/data/data/lepinoc2022-4/ann/89d1dab41027ee26aba4213ecdb04e9a.jpg,0.970378,0.922729,0.033854,0.041260,Lepidoptera
/home/lucien/projet_lepinoc/data/data/lepinoc2022-4/ann/4d37859f50e6d88d8809b276088a1de4.jpg,0.422526,0.163208,0.016276,0.020752,Lepidoptera
/home/lucien/projet_lepinoc/data/data/lepinoc2022-4/ann/4d37859f50e6d88d8809b276088a1de4.jpg,0.299642,0.665283,0.068685,0.048340,Aphomia
/home/lucien/projet_lepinoc/data/data/lepinoc2022-4/ann/3df3b88e2395321943dd9c8c3ff5fd8e.jpg,0.253092,0.064453,0.033529,0.026367,Lepidoptera
/home/lucien/projet_lepinoc/data/data/lepinoc2022-4/ann/248191c4156cf04a9ab6d51c1d63ca8e.jpg,0.213216,0.038696,0.069661,0.041260,Noctuidae
/home/lucien/projet_lepinoc/data/data/lepinoc2022-4/ann/248191c4156cf04a9ab6d51c1d63ca8e.jpg,0.713379,0.023804,0.029622,0.029053,Lepidoptera
/home/lucien/projet_lepinoc/data/data/lepinoc2022-4/ann/248191c4156cf04a9ab6d51c1d63ca8e.jpg,0.828776,0.165894,0.025391,0.028564,Lepidoptera
/home/lucien/projet_lepinoc/data/data/lepinoc2022-4/ann/248191c4156cf04a9ab6d51c1d63ca8e.jpg,0.308757,0.242554,0.019857,0.018799,Lepidoptera
/home/lucien/projet_lepinoc/data/data/lepinoc2022-4/ann/248191c4156cf04a9ab6d51c1d63ca8e.jpg,0.072754,0.454834,0.030924,0.024414,Lepidoptera
/home/lucien/projet_lepinoc/data/data/lepinoc2022-4/ann/248191c4156cf04a9ab6d51c1d63ca8e.jpg,0.189453,0.585327,0.023438,0.025146,Lepidoptera
/home/lucien/projet_lepinoc/data/data/lepinoc2022-4/ann/248191c4156cf04a9ab6d51c1d63ca8e.jpg,0.937174,0.410400,0.018229,0.022461,Lepidoptera
/home/lucien/projet_lepinoc/data/data/lepinoc2022-4/ann/248191c4156cf04a9ab6d51c1d63ca8e.jpg,0.392904,0.522339,0.032552,0.029053,Eudonia
/home/lucien/projet_lepinoc/data/data/lepinoc2022-4/ann/248191c4156cf04a9ab6d51c1d63ca8e.jpg,0.314128,0.793579,0.016276,0.022217,Lepidoptera
/home/lucien/projet_lepinoc/data/data/lepinoc2022-4/ann/248191c4156cf04a9ab6d51c1d63ca8e.jpg,0.870280,0.851196,0.103190,0.051025,Watsonalla uncinula
/home/lucien/projet_lepinoc/data/data/lepinoc2022-4/ann/46afefe329d5802a8953d6a6a3a46f6e.jpg,0.665853,0.051392,0.075195,0.042725,Scopula rubiginata
/home/lucien/projet_lepinoc/data/data/lepinoc2022-4/ann/46afefe329d5802a8953d6a6a3a46f6e.jpg,0.321940,0.397827,0.042969,0.045654,Lepidoptera
/home/lucien/projet_lepinoc/data/data/lepinoc2022-4/ann/ceca2d2934247e78f4c951e30e812ec0.jpg,0.647298,0.204834,0.022461,0.045410,Pyralidae
/home/lucien/projet_lepinoc/data/data/lepinoc2022-4/ann/ceca2d2934247e78f4c951e30e812ec0.jpg,0.192546,0.158447,0.028320,0.040527,Eudonia mercurella
/home/lucien/projet_lepinoc/data/data/lepinoc2022-4/ann/ceca2d2934247e78f4c951e30e812ec0.jpg,0.804362,0.382568,0.023438,0.022461,Lepidoptera
/home/lucien/projet_lepinoc/data/data/lepinoc2022-4/ann/9e78e47c4a346bb3aded37eb5112eb6b.jpg,0.150065,0.494629,0.052734,0.035156,Lepidoptera
/home/lucien/projet_lepinoc/data/data/lepinoc2022-4/ann/8f485816cfe79c58bb5dfdd6870e7c7b.jpg,0.508138,0.109497,0.110026,0.042725,Idaea
/home/lucien/projet_lepinoc/data/data/lepinoc2022-4/ann/8f485816cfe79c58bb5dfdd6870e7c7b.jpg,0.751139,0.227661,0.087565,0.029053,Scopula rubiginata
/home/lucien/projet_lepinoc/data/data/lepinoc2022-4/ann/8f485816cfe79c58bb5dfdd6870e7c7b.jpg,0.684896,0.266235,0.023438,0.032471,Lepidoptera
/home/lucien/projet_lepinoc/data/data/lepinoc2022-4/ann/8f485816cfe79c58bb5dfdd6870e7c7b.jpg,0.802897,0.317505,0.022461,0.029053,Lepidoptera
/home/lucien/projet_lepinoc/data/data/lepinoc2022-4/ann/8f485816cfe79c58bb5dfdd6870e7c7b.jpg,0.547038,0.969238,0.080404,0.059082,Xestia c-nigrum
/home/lucien/projet_lepinoc/data/data/lepinoc2022-4/ann/8f485816cfe79c58bb5dfdd6870e7c7b.jpg,0.986003,0.945557,0.025391,0.052246,Lepidoptera
/home/lucien/projet_lepinoc/data/data/lepinoc2022-4/ann/e7fb2985cd89d8f36943ca3d753496a1.jpg,0.299967,0.196655,0.069987,0.037842,Scopula rubiginata
/home/lucien/projet_lepinoc/data/data/lepinoc2022-4/ann/e7fb2985cd89d8f36943ca3d753496a1.jpg,0.679199,0.272827,0.019206,0.022217,Lepidoptera
/home/lucien/projet_lepinoc/data/data/lepinoc2022-4/ann/e7fb2985cd89d8f36943ca3d753496a1.jpg,0.495768,0.525146,0.007161,0.008789,Lepidoptera
/home/lucien/projet_lepinoc/data/data/lepinoc2022-4/ann/e7fb2985cd89d8f36943ca3d753496a1.jpg,0.269206,0.625366,0.035156,0.036865,Crambidae
/home/lucien/projet_lepinoc/data/data/lepinoc2022-4/ann/e7fb2985cd89d8f36943ca3d753496a1.jpg,0.508952,0.972168,0.088216,0.052734,Xestia c-nigrum
/home/lucien/projet_lepinoc/data/data/lepinoc2022-4/ann/173d2780612ed80247f6607d6b06defd.jpg,0.015299,0.029907,0.022786,0.019775,Lepidoptera
/home/lucien/projet_lepinoc/data/data/lepinoc2022-4/ann/173d2780612ed80247f6607d6b06defd.jpg,0.150553,0.018799,0.019857,0.025879,Lepidoptera
/home/lucien/projet_lepinoc/data/data/lepinoc2022-4/ann/173d2780612ed80247f6607d6b06defd.jpg,0.302897,0.215454,0.017253,0.027100,Lepidoptera
/home/lucien/projet_lepinoc/data/data/lepinoc2022-4/ann/173d2780612ed80247f6607d6b06defd.jpg,0.164062,0.382935,0.018229,0.017822,Lepidoptera
/home/lucien/projet_lepinoc/data/data/lepinoc2022-4/ann/173d2780612ed80247f6607d6b06defd.jpg,0.183919,0.398926,0.034505,0.015625,Lepidoptera
/home/lucien/projet_lepinoc/data/data/lepinoc2022-4/ann/173d2780612ed80247f6607d6b06defd.jpg,0.818685,0.150269,0.048828,0.027100,Pyralidae
/home/lucien/projet_lepinoc/data/data/lepinoc2022-4/ann/173d2780612ed80247f6607d6b06defd.jpg,0.725586,0.094360,0.041667,0.061768,Nomophila noctuella
/home/lucien/projet_lepinoc/data/data/lepinoc2022-4/ann/173d2780612ed80247f6607d6b06defd.jpg,0.263997,0.014526,0.062500,0.028564,Nycteola revayana
/home/lucien/projet_lepinoc/data/data/lepinoc2022-4/ann/173d2780612ed80247f6607d6b06defd.jpg,0.621257,0.206543,0.047852,0.054199,Nycteola revayana
/home/lucien/projet_lepinoc/data/data/lepinoc2022-4/ann/173d2780612ed80247f6607d6b06defd.jpg,0.432943,0.380981,0.053385,0.051514,Nycteola revayana
/home/lucien/projet_lepinoc/data/data/lepinoc2022-4/ann/173d2780612ed80247f6607d6b06defd.jpg,0.329427,0.428101,0.039714,0.048096,Nycteola revayana
/home/lucien/projet_lepinoc/data/data/lepinoc2022-4/ann/173d2780612ed80247f6607d6b06defd.jpg,0.427083,0.434814,0.055990,0.049316,Nycteola revayana
/home/lucien/projet_lepinoc/data/data/lepinoc2022-4/ann/173d2780612ed80247f6607d6b06defd.jpg,0.474772,0.779297,0.047852,0.045410,Nycteola revayana
/home/lucien/projet_lepinoc/data/data/lepinoc2022-4/ann/173d2780612ed80247f6607d6b06defd.jpg,0.400879,0.556885,0.021810,0.024902,Lepidoptera
/home/lucien/projet_lepinoc/data/data/lepinoc2022-4/ann/173d2780612ed80247f6607d6b06defd.jpg,0.339518,0.615112,0.027344,0.011475,Lepidoptera
/home/lucien/projet_lepinoc/data/data/lepinoc2022-4/ann/173d2780612ed80247f6607d6b06defd.jpg,0.326009,0.573730,0.038086,0.027832,Eucrostes indigenata
/home/lucien/projet_lepinoc/data/data/lepinoc2022-4/ann/173d2780612ed80247f6607d6b06defd.jpg,0.482910,0.862427,0.040690,0.052979,Nomophila noctuella
/home/lucien/projet_lepinoc/data/data/lepinoc2022-4/ann/173d2780612ed80247f6607d6b06defd.jpg,0.823242,0.679321,0.028646,0.025635,Tortricidae
/home/lucien/projet_lepinoc/data/data/lepinoc2022-4/ann/173d2780612ed80247f6607d6b06defd.jpg,0.895182,0.783813,0.058594,0.021729,Pterophoridae
/home/lucien/projet_lepinoc/data/data/lepinoc2022-4/ann/173d2780612ed80247f6607d6b06defd.jpg,0.955729,0.787476,0.051432,0.019775,Lepidoptera
/home/lucien/projet_lepinoc/data/data/lepinoc2022-4/ann/b827ad3461916e04c923c9e9a9468913.jpg,0.351400,0.112427,0.060872,0.045654,Lepidoptera
/home/lucien/projet_lepinoc/data/data/lepinoc2022-4/ann/a91992001a3a768303a415606788bd8c.jpg,0.798340,0.148560,0.067383,0.051514,Pyralidae
/home/lucien/projet_lepinoc/data/data/lepinoc2022-4/ann/a91992001a3a768303a415606788bd8c.jpg,0.966146,0.122314,0.065104,0.038574,Scopula rubiginata
/home/lucien/projet_lepinoc/data/data/lepinoc2022-4/ann/a91992001a3a768303a415606788bd8c.jpg,0.502930,0.265015,0.095052,0.044189,Scopula rubiginata
/home/lucien/projet_lepinoc/data/data/lepinoc2022-4/ann/a91992001a3a768303a415606788bd8c.jpg,0.187988,0.352783,0.091471,0.058105,Laspeyria flexula
/home/lucien/projet_lepinoc/data/data/lepinoc2022-4/ann/a91992001a3a768303a415606788bd8c.jpg,0.318848,0.483887,0.042643,0.072266,Nomophila noctuella
/home/lucien/projet_lepinoc/data/data/lepinoc2022-4/ann/a91992001a3a768303a415606788bd8c.jpg,0.395833,0.654663,0.089193,0.042236,Geometridae
/home/lucien/projet_lepinoc/data/data/lepinoc2022-4/ann/581b85160e6c1655461779f18f8e6c60.jpg,0.509766,0.043579,0.045573,0.038818,Pyrausta despicata
/home/lucien/projet_lepinoc/data/data/lepinoc2022-4/ann/581b85160e6c1655461779f18f8e6c60.jpg,0.083333,0.134521,0.027344,0.047852,Acrobasis
/home/lucien/projet_lepinoc/data/data/lepinoc2022-4/ann/581b85160e6c1655461779f18f8e6c60.jpg,0.046549,0.068359,0.017578,0.032715,Lepidoptera
/home/lucien/projet_lepinoc/data/data/lepinoc2022-4/ann/581b85160e6c1655461779f18f8e6c60.jpg,0.036784,0.145752,0.033203,0.044434,Lepidoptera
/home/lucien/projet_lepinoc/data/data/lepinoc2022-4/ann/581b85160e6c1655461779f18f8e6c60.jpg,0.164714,0.252808,0.043620,0.064209,Eilema caniola
/home/lucien/projet_lepinoc/data/data/lepinoc2022-4/ann/581b85160e6c1655461779f18f8e6c60.jpg,0.433919,0.216187,0.036458,0.062256,Nomophila noctuella
/home/lucien/projet_lepinoc/data/data/lepinoc2022-4/ann/581b85160e6c1655461779f18f8e6c60.jpg,0.506348,0.103516,0.096680,0.049805,Scopula rubiginata
/home/lucien/projet_lepinoc/data/data/lepinoc2022-4/ann/581b85160e6c1655461779f18f8e6c60.jpg,0.640951,0.163940,0.049479,0.046631,Pyrausta aurata
/home/lucien/projet_lepinoc/data/data/lepinoc2022-4/ann/581b85160e6c1655461779f18f8e6c60.jpg,0.051921,0.353760,0.094727,0.041016,Scopula rubiginata
/home/lucien/projet_lepinoc/data/data/lepinoc2022-4/ann/581b85160e6c1655461779f18f8e6c60.jpg,0.223470,0.455566,0.088867,0.037109,Idaea
/home/lucien/projet_lepinoc/data/data/lepinoc2022-4/ann/581b85160e6c1655461779f18f8e6c60.jpg,0.176432,0.446167,0.064453,0.050537,Cryphia algae
/home/lucien/projet_lepinoc/data/data/lepinoc2022-4/ann/581b85160e6c1655461779f18f8e6c60.jpg,0.469727,0.409180,0.044271,0.062012,Eilema caniola
/home/lucien/projet_lepinoc/data/data/lepinoc2022-4/ann/581b85160e6c1655461779f18f8e6c60.jpg,0.583984,0.449585,0.042318,0.067139,Eilema caniola
/home/lucien/projet_lepinoc/data/data/lepinoc2022-4/ann/581b85160e6c1655461779f18f8e6c60.jpg,0.052246,0.581665,0.055013,0.078369,Mythimna
/home/lucien/projet_lepinoc/data/data/lepinoc2022-4/ann/581b85160e6c1655461779f18f8e6c60.jpg,0.401855,0.643555,0.043945,0.065430,Nomophila noctuella
/home/lucien/projet_lepinoc/data/data/lepinoc2022-4/ann/581b85160e6c1655461779f18f8e6c60.jpg,0.658040,0.872070,0.093424,0.042480,Idaea
/home/lucien/projet_lepinoc/data/data/lepinoc2022-4/ann/581b85160e6c1655461779f18f8e6c60.jpg,0.386230,0.951050,0.077799,0.025635,Idaea
/home/lucien/projet_lepinoc/data/data/lepinoc2022-4/ann/581b85160e6c1655461779f18f8e6c60.jpg,0.256022,0.936768,0.076497,0.066895,Mythimna
/home/lucien/projet_lepinoc/data/data/lepinoc2022-4/ann/f840561e2e6b651ef1671d11d7c71b55.jpg,0.381348,0.323242,0.040039,0.064941,Nomophila noctuella
/home/lucien/projet_lepinoc/data/data/lepinoc2022-4/ann/f840561e2e6b651ef1671d11d7c71b55.jpg,0.656250,0.214355,0.154297,0.059082,Horisme vitalbata
/home/lucien/projet_lepinoc/data/data/lepinoc2022-4/ann/e219a38245f12ed4c90e73837530fc17.jpg,0.269857,0.575806,0.028646,0.025146,Tortricidae
/home/lucien/projet_lepinoc/data/data/lepinoc2022-4/ann/e219a38245f12ed4c90e73837530fc17.jpg,0.191569,0.441284,0.103841,0.037842,Scopula rubiginata
/home/lucien/projet_lepinoc/data/data/lepinoc2022-4/ann/e219a38245f12ed4c90e73837530fc17.jpg,0.472005,0.513428,0.091146,0.052246,Scopula rubiginata
/home/lucien/projet_lepinoc/data/data/lepinoc2022-4/ann/e219a38245f12ed4c90e73837530fc17.jpg,0.524089,0.445679,0.032552,0.054932,Lepidoptera
/home/lucien/projet_lepinoc/data/data/lepinoc2022-4/ann/e219a38245f12ed4c90e73837530fc17.jpg,0.829590,0.595581,0.030924,0.030518,Lepidoptera
/home/lucien/projet_lepinoc/data/data/lepinoc2022-4/ann/e219a38245f12ed4c90e73837530fc17.jpg,0.749023,0.682007,0.025391,0.025635,Lepidoptera
/home/lucien/projet_lepinoc/data/data/lepinoc2022-4/ann/e219a38245f12ed4c90e73837530fc17.jpg,0.322266,0.869141,0.043620,0.055664,Crambidae
/home/lucien/projet_lepinoc/data/data/lepinoc2022-4/ann/76d0aa80b4fe9f617032875f7fcd0e10.jpg,0.419596,0.149048,0.108073,0.057861,Watsonalla
/home/lucien/projet_lepinoc/data/data/lepinoc2022-4/ann/76d0aa80b4fe9f617032875f7fcd0e10.jpg,0.213216,0.013672,0.020833,0.020996,Lepidoptera
/home/lucien/projet_lepinoc/data/data/lepinoc2022-4/ann/76d0aa80b4fe9f617032875f7fcd0e10.jpg,0.564941,0.017090,0.024414,0.020996,Lepidoptera
/home/lucien/projet_lepinoc/data/data/lepinoc2022-4/ann/76d0aa80b4fe9f617032875f7fcd0e10.jpg,0.754069,0.105835,0.042643,0.035889,Lepidoptera
/home/lucien/projet_lepinoc/data/data/lepinoc2022-4/ann/76d0aa80b4fe9f617032875f7fcd0e10.jpg,0.542480,0.155396,0.020508,0.025146,Lepidoptera
/home/lucien/projet_lepinoc/data/data/lepinoc2022-4/ann/76d0aa80b4fe9f617032875f7fcd0e10.jpg,0.049642,0.214355,0.015299,0.027832,Lepidoptera
/home/lucien/projet_lepinoc/data/data/lepinoc2022-4/ann/76d0aa80b4fe9f617032875f7fcd0e10.jpg,0.291667,0.226318,0.032552,0.041992,Lepidoptera
/home/lucien/projet_lepinoc/data/data/lepinoc2022-4/ann/76d0aa80b4fe9f617032875f7fcd0e10.jpg,0.145996,0.221558,0.036133,0.039307,Lepidoptera
/home/lucien/projet_lepinoc/data/data/lepinoc2022-4/ann/76d0aa80b4fe9f617032875f7fcd0e10.jpg,0.494141,0.407349,0.027344,0.031006,Eudonia
/home/lucien/projet_lepinoc/data/data/lepinoc2022-4/ann/76d0aa80b4fe9f617032875f7fcd0e10.jpg,0.979167,0.677856,0.026042,0.028564,Tortricidae
/home/lucien/projet_lepinoc/data/data/lepinoc2022-4/ann/76d0aa80b4fe9f617032875f7fcd0e10.jpg,0.416341,0.827148,0.044922,0.028320,Dolicharthria punctalis
/home/lucien/projet_lepinoc/data/data/lepinoc2022-4/ann/76d0aa80b4fe9f617032875f7fcd0e10.jpg,0.773112,0.863403,0.029948,0.019775,Lepidoptera
/home/lucien/projet_lepinoc/data/data/lepinoc2022-4/ann/45dcb6bcbacae992a1f99854d4c2801d.jpg,0.221191,0.191772,0.036784,0.033447,Lepidoptera
/home/lucien/projet_lepinoc/data/data/lepinoc2022-4/ann/85cd8bb9ef50d84aebf98300c75e0171.jpg,0.440918,0.087036,0.043945,0.063721,Eilema caniola
/home/lucien/projet_lepinoc/data/data/lepinoc2022-4/ann/85cd8bb9ef50d84aebf98300c75e0171.jpg,0.631185,0.139282,0.063802,0.042236,Crambidae
/home/lucien/projet_lepinoc/data/data/lepinoc2022-4/ann/85cd8bb9ef50d84aebf98300c75e0171.jpg,0.412109,0.147217,0.106120,0.052734,Watsonalla
/home/lucien/projet_lepinoc/data/data/lepinoc2022-4/ann/85cd8bb9ef50d84aebf98300c75e0171.jpg,0.467122,0.309204,0.093750,0.064697,Watsonalla uncinula
/home/lucien/projet_lepinoc/data/data/lepinoc2022-4/ann/85cd8bb9ef50d84aebf98300c75e0171.jpg,0.554850,0.294678,0.043945,0.035645,Dolicharthria punctalis
/home/lucien/projet_lepinoc/data/data/lepinoc2022-4/ann/85cd8bb9ef50d84aebf98300c75e0171.jpg,0.495443,0.413940,0.032552,0.031982,Eudonia
/home/lucien/projet_lepinoc/data/data/lepinoc2022-4/ann/85cd8bb9ef50d84aebf98300c75e0171.jpg,0.137370,0.220459,0.035156,0.050781,Lepidoptera
/home/lucien/projet_lepinoc/data/data/lepinoc2022-4/ann/85cd8bb9ef50d84aebf98300c75e0171.jpg,0.182454,0.236816,0.040039,0.049805,Lepidoptera
/home/lucien/projet_lepinoc/data/data/lepinoc2022-4/ann/85cd8bb9ef50d84aebf98300c75e0171.jpg,0.096680,0.421387,0.018880,0.022461,Lepidoptera
/home/lucien/projet_lepinoc/data/data/lepinoc2022-4/ann/85cd8bb9ef50d84aebf98300c75e0171.jpg,0.823893,0.305420,0.033854,0.036621,Lepidoptera
/home/lucien/projet_lepinoc/data/data/lepinoc2022-4/ann/85cd8bb9ef50d84aebf98300c75e0171.jpg,0.987305,0.174927,0.017578,0.029053,Lepidoptera
/home/lucien/projet_lepinoc/data/data/lepinoc2022-4/ann/85cd8bb9ef50d84aebf98300c75e0171.jpg,0.274414,0.727905,0.016276,0.019775,Lepidoptera
/home/lucien/projet_lepinoc/data/data/lepinoc2022-4/ann/85cd8bb9ef50d84aebf98300c75e0171.jpg,0.951172,0.953369,0.044922,0.036621,Lepidoptera
/home/lucien/projet_lepinoc/data/data/lepinoc2022-4/ann/85cd8bb9ef50d84aebf98300c75e0171.jpg,0.192383,0.729370,0.074870,0.061768,Watsonalla
/home/lucien/projet_lepinoc/data/data/lepinoc2022-4/ann/85cd8bb9ef50d84aebf98300c75e0171.jpg,0.683105,0.861328,0.090169,0.032715,Crambidae
/home/lucien/projet_lepinoc/data/data/lepinoc2022-4/ann/85cd8bb9ef50d84aebf98300c75e0171.jpg,0.879232,0.880005,0.033854,0.031006,Tortricidae
/home/lucien/projet_lepinoc/data/data/lepinoc2022-4/ann/b624d8912b8be8f1913a01fd1ce7463c.jpg,0.775228,0.396118,0.045247,0.042725,Eudonia
/home/lucien/projet_lepinoc/data/data/lepinoc2022-4/ann/b624d8912b8be8f1913a01fd1ce7463c.jpg,0.108887,0.505981,0.040039,0.012939,Tortricidae
/home/lucien/projet_lepinoc/data/data/lepinoc2022-4/ann/b624d8912b8be8f1913a01fd1ce7463c.jpg,0.305176,0.610107,0.043294,0.063965,Crambidae
/home/lucien/projet_lepinoc/data/data/lepinoc2022-4/ann/b624d8912b8be8f1913a01fd1ce7463c.jpg,0.856771,0.893311,0.079427,0.045410,Geometridae
/home/lucien/projet_lepinoc/data/data/lepinoc2022-4/ann/ac062b10dd749179002052d9805ddd99.jpg,0.216634,0.076782,0.084961,0.054932,Noctuidae
/home/lucien/projet_lepinoc/data/data/lepinoc2022-4/ann/901b9e12a741b0559a26c116a7a0f7e8.jpg,0.745117,0.028931,0.035156,0.047607,Pyralidae
/home/lucien/projet_lepinoc/data/data/lepinoc2022-4/ann/901b9e12a741b0559a26c116a7a0f7e8.jpg,0.950846,0.095337,0.088542,0.062256,Geometridae
/home/lucien/projet_lepinoc/data/data/lepinoc2022-4/ann/901b9e12a741b0559a26c116a7a0f7e8.jpg,0.862467,0.895264,0.073242,0.046875,Geometridae
/home/lucien/projet_lepinoc/data/data/lepinoc2022-4/ann/4bec7a893aff6d78b462850cca33ca5b.jpg,0.235514,0.123169,0.018555,0.015869,Lepidoptera
/home/lucien/projet_lepinoc/data/data/lepinoc2022-4/ann/bf73b9ac56af1adcbc925a1bc4152ee8.jpg,0.183919,0.080811,0.054036,0.061523,Nycteola revayana
/home/lucien/projet_lepinoc/data/data/lepinoc2022-4/ann/bf73b9ac56af1adcbc925a1bc4152ee8.jpg,0.448893,0.054688,0.052734,0.051758,Nycteola revayana
/home/lucien/projet_lepinoc/data/data/lepinoc2022-4/ann/bf73b9ac56af1adcbc925a1bc4152ee8.jpg,0.434896,0.317139,0.051432,0.043457,Nycteola revayana
/home/lucien/projet_lepinoc/data/data/lepinoc2022-4/ann/bf73b9ac56af1adcbc925a1bc4152ee8.jpg,0.530762,0.309692,0.051758,0.046143,Nycteola revayana
/home/lucien/projet_lepinoc/data/data/lepinoc2022-4/ann/bf73b9ac56af1adcbc925a1bc4152ee8.jpg,0.331706,0.427002,0.046224,0.050293,Nycteola revayana
/home/lucien/projet_lepinoc/data/data/lepinoc2022-4/ann/bf73b9ac56af1adcbc925a1bc4152ee8.jpg,0.429525,0.438599,0.047852,0.046143,Nycteola revayana
/home/lucien/projet_lepinoc/data/data/lepinoc2022-4/ann/bf73b9ac56af1adcbc925a1bc4152ee8.jpg,0.424805,0.105957,0.020833,0.027832,Geometridae
/home/lucien/projet_lepinoc/data/data/lepinoc2022-4/ann/bf73b9ac56af1adcbc925a1bc4152ee8.jpg,0.177083,0.373413,0.020833,0.018799,Lepidoptera
/home/lucien/projet_lepinoc/data/data/lepinoc2022-4/ann/bf73b9ac56af1adcbc925a1bc4152ee8.jpg,0.744954,0.509033,0.026367,0.029785,Lepidoptera
/home/lucien/projet_lepinoc/data/data/lepinoc2022-4/ann/bf73b9ac56af1adcbc925a1bc4152ee8.jpg,0.187500,0.655518,0.079427,0.074707,Watsonalla
/home/lucien/projet_lepinoc/data/data/lepinoc2022-4/ann/bf73b9ac56af1adcbc925a1bc4152ee8.jpg,0.575846,0.651855,0.046224,0.034668,Eucrostes indigenata
/home/lucien/projet_lepinoc/data/data/lepinoc2022-4/ann/bf73b9ac56af1adcbc925a1bc4152ee8.jpg,0.696777,0.700684,0.068685,0.022461,Geometridae
/home/lucien/projet_lepinoc/data/data/lepinoc2022-4/ann/bf73b9ac56af1adcbc925a1bc4152ee8.jpg,0.927734,0.736572,0.022786,0.023926,Lepidoptera
/home/lucien/projet_lepinoc/data/data/lepinoc2022-4/ann/bf73b9ac56af1adcbc925a1bc4152ee8.jpg,0.777181,0.966187,0.068685,0.051514,Noctuidae
/home/lucien/projet_lepinoc/data/data/lepinoc2022-4/ann/bf73b9ac56af1adcbc925a1bc4152ee8.jpg,0.317871,0.809448,0.054362,0.052979,Noctuidae
/home/lucien/projet_lepinoc/data/data/lepinoc2022-4/ann/bf73b9ac56af1adcbc925a1bc4152ee8.jpg,0.403646,0.953247,0.081380,0.043213,Pterophoridae
/home/lucien/projet_lepinoc/data/data/lepinoc2022-4/ann/c9abbfc3b7e7cfde56617d917176b572.jpg,0.074544,0.167969,0.046875,0.062500,Cryphia algae
/home/lucien/projet_lepinoc/data/data/lepinoc2022-4/ann/c9abbfc3b7e7cfde56617d917176b572.jpg,0.123372,0.173340,0.034505,0.044922,Crambidae
/home/lucien/projet_lepinoc/data/data/lepinoc2022-4/ann/c9abbfc3b7e7cfde56617d917176b572.jpg,0.315430,0.296143,0.044271,0.040527,Pyrausta despicata
/home/lucien/projet_lepinoc/data/data/lepinoc2022-4/ann/c9abbfc3b7e7cfde56617d917176b572.jpg,0.241862,0.255737,0.083333,0.058838,Evergestis forficalis
/home/lucien/projet_lepinoc/data/data/lepinoc2022-4/ann/c9abbfc3b7e7cfde56617d917176b572.jpg,0.285645,0.347656,0.082357,0.074707,Mythimna
/home/lucien/projet_lepinoc/data/data/lepinoc2022-4/ann/c9abbfc3b7e7cfde56617d917176b572.jpg,0.056152,0.570068,0.056966,0.069336,Mythimna
/home/lucien/projet_lepinoc/data/data/lepinoc2022-4/ann/c9abbfc3b7e7cfde56617d917176b572.jpg,0.246419,0.437134,0.097656,0.044678,Geometridae
/home/lucien/projet_lepinoc/data/data/lepinoc2022-4/ann/c9abbfc3b7e7cfde56617d917176b572.jpg,0.579102,0.402832,0.090495,0.027832,Geometridae
/home/lucien/projet_lepinoc/data/data/lepinoc2022-4/ann/c9abbfc3b7e7cfde56617d917176b572.jpg,0.827311,0.040405,0.101888,0.032471,Geometridae
/home/lucien/projet_lepinoc/data/data/lepinoc2022-4/ann/c9abbfc3b7e7cfde56617d917176b572.jpg,0.767253,0.066650,0.057943,0.057617,Nomophila noctuella
/home/lucien/projet_lepinoc/data/data/lepinoc2022-4/ann/c9abbfc3b7e7cfde56617d917176b572.jpg,0.546061,0.090210,0.040690,0.035889,Lepidoptera
/home/lucien/projet_lepinoc/data/data/lepinoc2022-4/ann/c9abbfc3b7e7cfde56617d917176b572.jpg,0.610677,0.126221,0.039714,0.036133,Lepidoptera
/home/lucien/projet_lepinoc/data/data/lepinoc2022-4/ann/c9abbfc3b7e7cfde56617d917176b572.jpg,0.677572,0.467407,0.028971,0.031982,Lepidoptera
/home/lucien/projet_lepinoc/data/data/lepinoc2022-4/ann/c9abbfc3b7e7cfde56617d917176b572.jpg,0.889323,0.223145,0.039714,0.046875,Noctuidae
/home/lucien/projet_lepinoc/data/data/lepinoc2022-4/ann/c9abbfc3b7e7cfde56617d917176b572.jpg,0.988770,0.335449,0.017904,0.027344,Tortricidae
/home/lucien/projet_lepinoc/data/data/lepinoc2022-4/ann/c9abbfc3b7e7cfde56617d917176b572.jpg,0.681803,0.404663,0.038737,0.039307,Eudonia
/home/lucien/projet_lepinoc/data/data/lepinoc2022-4/ann/c9abbfc3b7e7cfde56617d917176b572.jpg,0.670898,0.167236,0.037109,0.069336,Eilema
/home/lucien/projet_lepinoc/data/data/lepinoc2022-4/ann/c9abbfc3b7e7cfde56617d917176b572.jpg,0.114909,0.672119,0.102214,0.056152,Acasis viretata
/home/lucien/projet_lepinoc/data/data/lepinoc2022-4/ann/c9abbfc3b7e7cfde56617d917176b572.jpg,0.139648,0.899414,0.074219,0.082031,Lepidoptera
/home/lucien/projet_lepinoc/data/data/lepinoc2022-4/ann/365a4a2a2e784a0bb7b0512f4fd4cf08.jpg,0.707520,0.248047,0.099935,0.044922,Idaea
/home/lucien/projet_lepinoc/data/data/lepinoc2022-4/ann/365a4a2a2e784a0bb7b0512f4fd4cf08.jpg,0.180990,0.406738,0.026042,0.029297,Tortricidae
/home/lucien/projet_lepinoc/data/data/lepinoc2022-4/ann/365a4a2a2e784a0bb7b0512f4fd4cf08.jpg,0.948893,0.772339,0.012370,0.017334,Lepidoptera
/home/lucien/projet_lepinoc/data/data/lepinoc2022-4/ann/365a4a2a2e784a0bb7b0512f4fd4cf08.jpg,0.297201,0.841187,0.059896,0.049561,Mesoligia furuncula
/home/lucien/projet_lepinoc/data/data/lepinoc2022-4/ann/fa7c14e091a5742f2cbb933dccf31e52.jpg,0.014486,0.033325,0.026367,0.025146,Lepidoptera
/home/lucien/projet_lepinoc/data/data/lepinoc2022-4/ann/fa7c14e091a5742f2cbb933dccf31e52.jpg,0.302897,0.215332,0.022461,0.024414,Lepidoptera
/home/lucien/projet_lepinoc/data/data/lepinoc2022-4/ann/fa7c14e091a5742f2cbb933dccf31e52.jpg,0.661784,0.110962,0.022786,0.017822,Lepidoptera
/home/lucien/projet_lepinoc/data/data/lepinoc2022-4/ann/fa7c14e091a5742f2cbb933dccf31e52.jpg,0.335938,0.248291,0.034505,0.019531,Lepidoptera
/home/lucien/projet_lepinoc/data/data/lepinoc2022-4/ann/fa7c14e091a5742f2cbb933dccf31e52.jpg,0.953939,0.361816,0.035482,0.061035,Lepidoptera
/home/lucien/projet_lepinoc/data/data/lepinoc2022-4/ann/fa7c14e091a5742f2cbb933dccf31e52.jpg,0.493164,0.117188,0.083333,0.024414,Pterophoridae
/home/lucien/projet_lepinoc/data/data/lepinoc2022-4/ann/fa7c14e091a5742f2cbb933dccf31e52.jpg,0.616048,0.207275,0.052409,0.057129,Nycteola revayana
/home/lucien/projet_lepinoc/data/data/lepinoc2022-4/ann/fa7c14e091a5742f2cbb933dccf31e52.jpg,0.427572,0.382812,0.047852,0.048828,Nycteola revayana
/home/lucien/projet_lepinoc/data/data/lepinoc2022-4/ann/fa7c14e091a5742f2cbb933dccf31e52.jpg,0.329102,0.422974,0.046224,0.059814,Nycteola revayana
/home/lucien/projet_lepinoc/data/data/lepinoc2022-4/ann/fa7c14e091a5742f2cbb933dccf31e52.jpg,0.428223,0.433716,0.061523,0.056885,Nycteola revayana
/home/lucien/projet_lepinoc/data/data/lepinoc2022-4/ann/fa7c14e091a5742f2cbb933dccf31e52.jpg,0.479655,0.778931,0.040039,0.050049,Nycteola revayana
/home/lucien/projet_lepinoc/data/data/lepinoc2022-4/ann/fa7c14e091a5742f2cbb933dccf31e52.jpg,0.178548,0.586426,0.034180,0.048828,Nomophila noctuella
/home/lucien/projet_lepinoc/data/data/lepinoc2022-4/ann/fa7c14e091a5742f2cbb933dccf31e52.jpg,0.413574,0.637573,0.038086,0.027588,Lepidoptera
/home/lucien/projet_lepinoc/data/data/lepinoc2022-4/ann/fa7c14e091a5742f2cbb933dccf31e52.jpg,0.824219,0.678955,0.025391,0.027832,Tortricidae
/home/lucien/projet_lepinoc/data/data/lepinoc2022-4/ann/fa7c14e091a5742f2cbb933dccf31e52.jpg,0.544271,0.645752,0.069661,0.027832,Geometridae
/home/lucien/projet_lepinoc/data/data/lepinoc2022-4/ann/fa7c14e091a5742f2cbb933dccf31e52.jpg,0.448893,0.748535,0.054036,0.029785,Dolicharthria punctalis
/home/lucien/projet_lepinoc/data/data/lepinoc2022-4/ann/fa7c14e091a5742f2cbb933dccf31e52.jpg,0.665527,0.785400,0.056966,0.048340,Noctuidae
/home/lucien/projet_lepinoc/data/data/lepinoc2022-4/ann/fa7c14e091a5742f2cbb933dccf31e52.jpg,0.388672,0.817993,0.069661,0.041260,Pterophoridae
/home/lucien/projet_lepinoc/data/data/lepinoc2022-4/ann/fa7c14e091a5742f2cbb933dccf31e52.jpg,0.760417,0.909180,0.018880,0.016113,Lepidoptera
/home/lucien/projet_lepinoc/data/data/lepinoc2022-4/ann/54c6977ec5fb57e0c298fcc9e6d64190.jpg,0.097982,0.128418,0.048828,0.062012,Noctuidae
/home/lucien/projet_lepinoc/data/data/lepinoc2022-4/ann/54c6977ec5fb57e0c298fcc9e6d64190.jpg,0.869141,0.177612,0.046224,0.044189,Eublemma parva
/home/lucien/projet_lepinoc/data/data/lepinoc2022-4/ann/54c6977ec5fb57e0c298fcc9e6d64190.jpg,0.541178,0.238770,0.026367,0.027344,Lepidoptera
/home/lucien/projet_lepinoc/data/data/lepinoc2022-4/ann/54c6977ec5fb57e0c298fcc9e6d64190.jpg,0.172363,0.359863,0.027669,0.027344,Lepidoptera
/home/lucien/projet_lepinoc/data/data/lepinoc2022-4/ann/54c6977ec5fb57e0c298fcc9e6d64190.jpg,0.526042,0.306885,0.051432,0.050781,Nycteola revayana
/home/lucien/projet_lepinoc/data/data/lepinoc2022-4/ann/54c6977ec5fb57e0c298fcc9e6d64190.jpg,0.589193,0.324219,0.052734,0.057129,Nycteola revayana
/home/lucien/projet_lepinoc/data/data/lepinoc2022-4/ann/54c6977ec5fb57e0c298fcc9e6d64190.jpg,0.706868,0.280518,0.060221,0.054688,Nycteola revayana
/home/lucien/projet_lepinoc/data/data/lepinoc2022-4/ann/54c6977ec5fb57e0c298fcc9e6d64190.jpg,0.646973,0.417603,0.040039,0.054443,Nycteola revayana
/home/lucien/projet_lepinoc/data/data/lepinoc2022-4/ann/54c6977ec5fb57e0c298fcc9e6d64190.jpg,0.328125,0.422363,0.046224,0.058105,Nycteola revayana
/home/lucien/projet_lepinoc/data/data/lepinoc2022-4/ann/54c6977ec5fb57e0c298fcc9e6d64190.jpg,0.430990,0.655151,0.051432,0.054443,Nycteola revayana
/home/lucien/projet_lepinoc/data/data/lepinoc2022-4/ann/54c6977ec5fb57e0c298fcc9e6d64190.jpg,0.634277,0.736816,0.045247,0.050781,Nycteola revayana
/home/lucien/projet_lepinoc/data/data/lepinoc2022-4/ann/54c6977ec5fb57e0c298fcc9e6d64190.jpg,0.931152,0.479126,0.055013,0.059326,Noctuidae
/home/lucien/projet_lepinoc/data/data/lepinoc2022-4/ann/54c6977ec5fb57e0c298fcc9e6d64190.jpg,0.957845,0.755737,0.073893,0.030029,Pterophoridae
/home/lucien/projet_lepinoc/data/data/lepinoc2022-4/ann/54c6977ec5fb57e0c298fcc9e6d64190.jpg,0.702474,0.691772,0.066406,0.026123,Geometridae
/home/lucien/projet_lepinoc/data/data/lepinoc2022-4/ann/54c6977ec5fb57e0c298fcc9e6d64190.jpg,0.377767,0.932617,0.072591,0.045898,Endotricha flammealis
/home/lucien/projet_lepinoc/data/data/lepinoc2022-4/ann/54c6977ec5fb57e0c298fcc9e6d64190.jpg,0.309408,0.918091,0.021159,0.028076,Lepidoptera
/home/lucien/projet_lepinoc/data/data/lepinoc2022-4/ann/54c6977ec5fb57e0c298fcc9e6d64190.jpg,0.748372,0.951416,0.067708,0.062988,Noctuidae
/home/lucien/projet_lepinoc/data/data/lepinoc2022-4/ann/54c6977ec5fb57e0c298fcc9e6d64190.jpg,0.586263,0.482422,0.066406,0.033691,Eucrostes indigenata
/home/lucien/projet_lepinoc/data/data/lepinoc2022-4/ann/0be9ad632848c107c7ad7c877d06a283.jpg,0.263835,0.083496,0.056966,0.051758,Acrobasis
/home/lucien/projet_lepinoc/data/data/lepinoc2022-4/ann/0be9ad632848c107c7ad7c877d06a283.jpg,0.162923,0.889404,0.020508,0.030762,Lepidoptera
/home/lucien/projet_lepinoc/data/data/lepinoc2022-4/ann/9fbf1b6ce945c6925c5b1bf1e4303cba.jpg,0.587077,0.151001,0.038737,0.043701,Eudonia mercurella
/home/lucien/projet_lepinoc/data/data/lepinoc2022-4/ann/9fbf1b6ce945c6925c5b1bf1e4303cba.jpg,0.630534,0.200317,0.047526,0.035889,Lepidoptera
/home/lucien/projet_lepinoc/data/data/lepinoc2022-4/ann/9fbf1b6ce945c6925c5b1bf1e4303cba.jpg,0.052734,0.253174,0.020182,0.021973,Lepidoptera
/home/lucien/projet_lepinoc/data/data/lepinoc2022-4/ann/dc8ff897d120067eeb797904b9265260.jpg,0.230469,0.117798,0.074870,0.063721,Mythimna
/home/lucien/projet_lepinoc/data/data/lepinoc2022-4/ann/dc8ff897d120067eeb797904b9265260.jpg,0.784342,0.100342,0.047201,0.031738,Eudonia mercurella
/home/lucien/projet_lepinoc/data/data/lepinoc2022-4/ann/dc8ff897d120067eeb797904b9265260.jpg,0.744629,0.182617,0.036133,0.031738,Eudonia mercurella
/home/lucien/projet_lepinoc/data/data/lepinoc2022-4/ann/dc8ff897d120067eeb797904b9265260.jpg,0.194173,0.036621,0.027669,0.019043,Lepidoptera
/home/lucien/projet_lepinoc/data/data/lepinoc2022-4/ann/dc8ff897d120067eeb797904b9265260.jpg,0.158854,0.332764,0.033203,0.011719,Lepidoptera
/home/lucien/projet_lepinoc/data/data/lepinoc2022-4/ann/dc8ff897d120067eeb797904b9265260.jpg,0.457357,0.114868,0.097005,0.039795,Scopula rubiginata
/home/lucien/projet_lepinoc/data/data/lepinoc2022-4/ann/dc8ff897d120067eeb797904b9265260.jpg,0.462891,0.396484,0.065755,0.065918,Geometridae
/home/lucien/projet_lepinoc/data/data/lepinoc2022-4/ann/dc8ff897d120067eeb797904b9265260.jpg,0.565755,0.377930,0.105469,0.031738,Idaea degeneraria
/home/lucien/projet_lepinoc/data/data/lepinoc2022-4/ann/dc8ff897d120067eeb797904b9265260.jpg,0.371094,0.471924,0.041667,0.024414,Eudonia
/home/lucien/projet_lepinoc/data/data/lepinoc2022-4/ann/dc8ff897d120067eeb797904b9265260.jpg,0.062012,0.418701,0.036784,0.049805,Lepidoptera
/home/lucien/projet_lepinoc/data/data/lepinoc2022-4/ann/dc8ff897d120067eeb797904b9265260.jpg,0.457031,0.497559,0.072266,0.060059,Scopula rubiginata
/home/lucien/projet_lepinoc/data/data/lepinoc2022-4/ann/dc8ff897d120067eeb797904b9265260.jpg,0.413086,0.623535,0.065104,0.066895,Craniophora ligustri
/home/lucien/projet_lepinoc/data/data/lepinoc2022-4/ann/dc8ff897d120067eeb797904b9265260.jpg,0.656901,0.765625,0.017578,0.059082,Crambidae
/home/lucien/projet_lepinoc/data/data/lepinoc2022-4/ann/dc8ff897d120067eeb797904b9265260.jpg,0.680664,0.755737,0.024089,0.044678,Lepidoptera
/home/lucien/projet_lepinoc/data/data/lepinoc2022-4/ann/12d23cfd70cea1ce3090754edff9d7ab.jpg,0.509115,0.250610,0.108073,0.044189,Idaea
/home/lucien/projet_lepinoc/data/data/lepinoc2022-4/ann/12d23cfd70cea1ce3090754edff9d7ab.jpg,0.803060,0.378784,0.101562,0.044189,Scopula rubiginata
/home/lucien/projet_lepinoc/data/data/lepinoc2022-4/ann/12d23cfd70cea1ce3090754edff9d7ab.jpg,0.433919,0.747192,0.099609,0.064209,Atethmia centrago
/home/lucien/projet_lepinoc/data/data/lepinoc2022-4/ann/12d23cfd70cea1ce3090754edff9d7ab.jpg,0.551758,0.972290,0.095703,0.053467,Xestia c-nigrum
/home/lucien/projet_lepinoc/data/data/lepinoc2022-4/ann/343a8122ce000696a5944beece80aed5.jpg,0.385091,0.332153,0.035156,0.050537,Nomophila noctuella
/home/lucien/projet_lepinoc/data/data/lepinoc2022-4/ann/343a8122ce000696a5944beece80aed5.jpg,0.476562,0.038208,0.022786,0.028076,Lepidoptera
/home/lucien/projet_lepinoc/data/data/lepinoc2022-4/ann/c6ca3cc85916942e11d3b73458a95da8.jpg,0.359538,0.111084,0.088867,0.072266,Aplocera plagiata
/home/lucien/projet_lepinoc/data/data/lepinoc2022-4/ann/c6ca3cc85916942e11d3b73458a95da8.jpg,0.985514,0.195068,0.021159,0.082520,Lepidoptera
/home/lucien/projet_lepinoc/data/data/lepinoc2022-4/ann/c6ca3cc85916942e11d3b73458a95da8.jpg,0.480143,0.147949,0.020833,0.015625,Lepidoptera
/home/lucien/projet_lepinoc/data/data/lepinoc2022-4/ann/c6ca3cc85916942e11d3b73458a95da8.jpg,0.070475,0.086182,0.031576,0.050781,Lepidoptera
/home/lucien/projet_lepinoc/data/data/lepinoc2022-4/ann/c6ca3cc85916942e11d3b73458a95da8.jpg,0.038249,0.459229,0.028971,0.056152,Lepidoptera
/home/lucien/projet_lepinoc/data/data/lepinoc2022-4/ann/c6ca3cc85916942e11d3b73458a95da8.jpg,0.740072,0.537231,0.040039,0.035889,Lepidoptera
/home/lucien/projet_lepinoc/data/data/lepinoc2022-4/ann/c6ca3cc85916942e11d3b73458a95da8.jpg,0.387370,0.244507,0.074219,0.070557,Sitochroa verticalis
/home/lucien/projet_lepinoc/data/data/lepinoc2022-4/ann/c6ca3cc85916942e11d3b73458a95da8.jpg,0.457845,0.270752,0.094076,0.034668,Scopula rubiginata
/home/lucien/projet_lepinoc/data/data/lepinoc2022-4/ann/c6ca3cc85916942e11d3b73458a95da8.jpg,0.833171,0.238159,0.086914,0.048096,Scopula rubiginata
/home/lucien/projet_lepinoc/data/data/lepinoc2022-4/ann/c6ca3cc85916942e11d3b73458a95da8.jpg,0.222819,0.540649,0.077799,0.061768,Scopula rubiginata
/home/lucien/projet_lepinoc/data/data/lepinoc2022-4/ann/c6ca3cc85916942e11d3b73458a95da8.jpg,0.034180,0.816895,0.060547,0.073242,Geo
/home/lucien/projet_lepinoc/data/data/lepinoc2022-4/ann/c6ca3cc85916942e11d3b73458a95da8.jpg,0.947591,0.845093,0.027995,0.021240,Lepidoptera
/home/lucien/projet_lepinoc/data/data/lepinoc2022-4/ann/c6ca3cc85916942e11d3b73458a95da8.jpg,0.628418,0.968628,0.024414,0.030518,Lepidoptera
/home/lucien/projet_lepinoc/data/data/lepinoc2022-4/ann/c639b5c15150accbb8a77f7e5571b9a8.jpg,0.191243,0.115479,0.047201,0.057617,Lepidoptera
/home/lucien/projet_lepinoc/data/data/lepinoc2022-4/ann/c639b5c15150accbb8a77f7e5571b9a8.jpg,0.466960,0.069946,0.038086,0.048096,Lepidoptera
/home/lucien/projet_lepinoc/data/data/lepinoc2022-4/ann/c639b5c15150accbb8a77f7e5571b9a8.jpg,0.154622,0.718628,0.029948,0.028564,Lepidoptera
/home/lucien/projet_lepinoc/data/data/lepinoc2022-4/ann/724214c1bbaa4fdc61f3dd2ef4fd8d4d.jpg,0.218913,0.016357,0.024414,0.029297,Lepidoptera
/home/lucien/projet_lepinoc/data/data/lepinoc2022-4/ann/724214c1bbaa4fdc61f3dd2ef4fd8d4d.jpg,0.250977,0.933594,0.039714,0.061035,Lepidoptera
/home/lucien/projet_lepinoc/data/data/lepinoc2022-4/ann/724214c1bbaa4fdc61f3dd2ef4fd8d4d.jpg,0.367188,0.323608,0.037109,0.053467,Nomophila noctuella
/home/lucien/projet_lepinoc/data/data/lepinoc2022-4/ann/3c6eb2528e39ed7a3d82d593a9f5f97d.jpg,0.071452,0.105957,0.022461,0.020996,Lepidoptera
/home/lucien/projet_lepinoc/data/data/lepinoc2022-4/ann/3c6eb2528e39ed7a3d82d593a9f5f97d.jpg,0.520182,0.480591,0.048828,0.052979,Nomophila noctuella
/home/lucien/projet_lepinoc/data/data/lepinoc2022-4/ann/3c6eb2528e39ed7a3d82d593a9f5f97d.jpg,0.215983,0.535278,0.022461,0.018311,Lepidoptera
/home/lucien/projet_lepinoc/data/data/lepinoc2022-4/ann/7ddf7731b66b9efe453f2be132b3e930.jpg,0.902018,0.050293,0.055990,0.031738,Nomophila noctuella
/home/lucien/projet_lepinoc/data/data/lepinoc2022-4/ann/7ddf7731b66b9efe453f2be132b3e930.jpg,0.359863,0.479614,0.049805,0.060303,Nomophila noctuella
/home/lucien/projet_lepinoc/data/data/lepinoc2022-4/ann/7ddf7731b66b9efe453f2be132b3e930.jpg,0.397786,0.652588,0.087891,0.040039,Idaea
/home/lucien/projet_lepinoc/data/data/lepinoc2022-4/ann/2901039be7469ea1f672c2549973e7ee.jpg,0.050944,0.101196,0.045247,0.049561,Noctuidae
/home/lucien/projet_lepinoc/data/data/lepinoc2022-4/ann/2901039be7469ea1f672c2549973e7ee.jpg,0.215169,0.240479,0.055339,0.057129,Noctuidae
/home/lucien/projet_lepinoc/data/data/lepinoc2022-4/ann/2901039be7469ea1f672c2549973e7ee.jpg,0.390625,0.055786,0.067708,0.030518,Lepidoptera
/home/lucien/projet_lepinoc/data/data/lepinoc2022-4/ann/2901039be7469ea1f672c2549973e7ee.jpg,0.853516,0.211670,0.060547,0.053711,Dolicharthria punctalis
/home/lucien/projet_lepinoc/data/data/lepinoc2022-4/ann/2901039be7469ea1f672c2549973e7ee.jpg,0.899577,0.315552,0.058919,0.042725,Endotricha flammealis
/home/lucien/projet_lepinoc/data/data/lepinoc2022-4/ann/2901039be7469ea1f672c2549973e7ee.jpg,0.743815,0.981567,0.061198,0.031006,Eilema
/home/lucien/projet_lepinoc/data/data/lepinoc2022-4/ann/2901039be7469ea1f672c2549973e7ee.jpg,0.742025,0.639771,0.060221,0.031006,Lepidoptera
/home/lucien/projet_lepinoc/data/data/lepinoc2022-4/ann/2901039be7469ea1f672c2549973e7ee.jpg,0.613118,0.661743,0.019857,0.022705,Lepidoptera
/home/lucien/projet_lepinoc/data/data/lepinoc2022-4/ann/ad404247df7ab2239c0e3cda3ee7ac17.jpg,0.500326,0.078735,0.029948,0.030029,Lepidoptera
/home/lucien/projet_lepinoc/data/data/lepinoc2022-4/ann/46cae763be3ab1738dc729ee128a2537.jpg,0.197591,0.023804,0.057943,0.041260,Noctuidae
/home/lucien/projet_lepinoc/data/data/lepinoc2022-4/ann/46cae763be3ab1738dc729ee128a2537.jpg,0.592285,0.060059,0.033529,0.047363,Pyralidae
/home/lucien/projet_lepinoc/data/data/lepinoc2022-4/ann/46cae763be3ab1738dc729ee128a2537.jpg,0.396973,0.148926,0.114909,0.055664,Watsonalla
/home/lucien/projet_lepinoc/data/data/lepinoc2022-4/ann/46cae763be3ab1738dc729ee128a2537.jpg,0.181152,0.237061,0.038086,0.047363,Lepidoptera
/home/lucien/projet_lepinoc/data/data/lepinoc2022-4/ann/46cae763be3ab1738dc729ee128a2537.jpg,0.871582,0.310303,0.026367,0.031250,Lepidoptera
/home/lucien/projet_lepinoc/data/data/lepinoc2022-4/ann/46cae763be3ab1738dc729ee128a2537.jpg,0.489583,0.312622,0.041667,0.030518,Lepidoptera
/home/lucien/projet_lepinoc/data/data/lepinoc2022-4/ann/46cae763be3ab1738dc729ee128a2537.jpg,0.497233,0.426514,0.028320,0.036621,Eudonia
/home/lucien/projet_lepinoc/data/data/lepinoc2022-4/ann/46cae763be3ab1738dc729ee128a2537.jpg,0.422038,0.507568,0.021810,0.031250,Acrobasis
/home/lucien/projet_lepinoc/data/data/lepinoc2022-4/ann/46cae763be3ab1738dc729ee128a2537.jpg,0.383789,0.682007,0.026042,0.015869,Lepidoptera
/home/lucien/projet_lepinoc/data/data/lepinoc2022-4/ann/46cae763be3ab1738dc729ee128a2537.jpg,0.883789,0.655762,0.033854,0.034668,Lepidoptera
/home/lucien/projet_lepinoc/data/data/lepinoc2022-4/ann/0faf679dcd3bd9f0164a1eecc05326dc.jpg,0.285319,0.329956,0.062826,0.065674,Nomophila noctuella
/home/lucien/projet_lepinoc/data/data/lepinoc2022-4/ann/2095091c6a55b0f3dc24f06f3718d3a0.jpg,0.573242,0.040527,0.037109,0.041992,Eublemma parva
/home/lucien/projet_lepinoc/data/data/lepinoc2022-4/ann/2095091c6a55b0f3dc24f06f3718d3a0.jpg,0.296875,0.112305,0.032552,0.032715,Tortricidae
/home/lucien/projet_lepinoc/data/data/lepinoc2022-4/ann/2095091c6a55b0f3dc24f06f3718d3a0.jpg,0.669108,0.219482,0.082357,0.033691,Pterophoridae
/home/lucien/projet_lepinoc/data/data/lepinoc2022-4/ann/2095091c6a55b0f3dc24f06f3718d3a0.jpg,0.932292,0.096069,0.051432,0.055420,Nycteola revayana
/home/lucien/projet_lepinoc/data/data/lepinoc2022-4/ann/2095091c6a55b0f3dc24f06f3718d3a0.jpg,0.500326,0.379150,0.041667,0.052246,Nycteola revayana
/home/lucien/projet_lepinoc/data/data/lepinoc2022-4/ann/2095091c6a55b0f3dc24f06f3718d3a0.jpg,0.776204,0.181152,0.083008,0.041504,Idaea filicata
/home/lucien/projet_lepinoc/data/data/lepinoc2022-4/ann/2095091c6a55b0f3dc24f06f3718d3a0.jpg,0.721517,0.279541,0.019206,0.019531,Lepidoptera
/home/lucien/projet_lepinoc/data/data/lepinoc2022-4/ann/2095091c6a55b0f3dc24f06f3718d3a0.jpg,0.182129,0.393066,0.038086,0.025879,Lepidoptera
/home/lucien/projet_lepinoc/data/data/lepinoc2022-4/ann/ef1d97195d4cc1661f72fbfc240f23bf.jpg,0.184896,0.077026,0.050781,0.058350,Nycteola revayana
/home/lucien/projet_lepinoc/data/data/lepinoc2022-4/ann/ef1d97195d4cc1661f72fbfc240f23bf.jpg,0.090332,0.126343,0.068034,0.054932,Noctuidae
/home/lucien/projet_lepinoc/data/data/lepinoc2022-4/ann/ef1d97195d4cc1661f72fbfc240f23bf.jpg,0.763672,0.244507,0.055990,0.051514,Nycteola revayana
/home/lucien/projet_lepinoc/data/data/lepinoc2022-4/ann/ef1d97195d4cc1661f72fbfc240f23bf.jpg,0.529297,0.310303,0.046875,0.055664,Nycteola revayana
/home/lucien/projet_lepinoc/data/data/lepinoc2022-4/ann/ef1d97195d4cc1661f72fbfc240f23bf.jpg,0.329102,0.427368,0.049479,0.053467,Nycteola revayana
/home/lucien/projet_lepinoc/data/data/lepinoc2022-4/ann/ef1d97195d4cc1661f72fbfc240f23bf.jpg,0.651042,0.419556,0.062500,0.050049,Nycteola revayana
/home/lucien/projet_lepinoc/data/data/lepinoc2022-4/ann/ef1d97195d4cc1661f72fbfc240f23bf.jpg,0.721029,0.279419,0.043620,0.049561,Nycteola revayana
/home/lucien/projet_lepinoc/data/data/lepinoc2022-4/ann/ef1d97195d4cc1661f72fbfc240f23bf.jpg,0.173177,0.372437,0.023438,0.018311,Lepidoptera
/home/lucien/projet_lepinoc/data/data/lepinoc2022-4/ann/ef1d97195d4cc1661f72fbfc240f23bf.jpg,0.162272,0.572388,0.034180,0.023682,Tortricidae
/home/lucien/projet_lepinoc/data/data/lepinoc2022-4/ann/ef1d97195d4cc1661f72fbfc240f23bf.jpg,0.630697,0.486328,0.030924,0.036133,Eucrostes indigenata
/home/lucien/projet_lepinoc/data/data/lepinoc2022-4/ann/ef1d97195d4cc1661f72fbfc240f23bf.jpg,0.894206,0.440918,0.035156,0.078125,Nomophila noctuella
/home/lucien/projet_lepinoc/data/data/lepinoc2022-4/ann/ef1d97195d4cc1661f72fbfc240f23bf.jpg,0.938639,0.479492,0.033529,0.059082,Noctuidae
/home/lucien/projet_lepinoc/data/data/lepinoc2022-4/ann/ef1d97195d4cc1661f72fbfc240f23bf.jpg,0.434896,0.655884,0.039062,0.060303,Nycteola revayana
/home/lucien/projet_lepinoc/data/data/lepinoc2022-4/ann/ef1d97195d4cc1661f72fbfc240f23bf.jpg,0.702148,0.697266,0.065104,0.027832,Geometridae
/home/lucien/projet_lepinoc/data/data/lepinoc2022-4/ann/ef1d97195d4cc1661f72fbfc240f23bf.jpg,0.400065,0.948242,0.079427,0.045410,Pterophoridae
/home/lucien/projet_lepinoc/data/data/lepinoc2022-4/ann/ef1d97195d4cc1661f72fbfc240f23bf.jpg,0.761719,0.961060,0.055990,0.057861,Noctuidae
/home/lucien/projet_lepinoc/data/data/lepinoc2022-4/ann/209f6502483d1d966aaa9ba0d5196943.jpg,0.088542,0.126587,0.080078,0.065674,Noctuidae
/home/lucien/projet_lepinoc/data/data/lepinoc2022-4/ann/209f6502483d1d966aaa9ba0d5196943.jpg,0.050293,0.267334,0.046549,0.037598,Dolicharthria punctalis
/home/lucien/projet_lepinoc/data/data/lepinoc2022-4/ann/209f6502483d1d966aaa9ba0d5196943.jpg,0.935547,0.480103,0.046224,0.057373,Noctuidae
/home/lucien/projet_lepinoc/data/data/lepinoc2022-4/ann/209f6502483d1d966aaa9ba0d5196943.jpg,0.609212,0.493652,0.037435,0.035645,Eucrostes indigenata
/home/lucien/projet_lepinoc/data/data/lepinoc2022-4/ann/209f6502483d1d966aaa9ba0d5196943.jpg,0.526042,0.308716,0.043620,0.052490,Nycteola revayana
/home/lucien/projet_lepinoc/data/data/lepinoc2022-4/ann/209f6502483d1d966aaa9ba0d5196943.jpg,0.330729,0.424683,0.048828,0.051514,Nycteola revayana
/home/lucien/projet_lepinoc/data/data/lepinoc2022-4/ann/209f6502483d1d966aaa9ba0d5196943.jpg,0.712077,0.284790,0.055013,0.046143,Nycteola revayana
/home/lucien/projet_lepinoc/data/data/lepinoc2022-4/ann/209f6502483d1d966aaa9ba0d5196943.jpg,0.594889,0.326904,0.033529,0.049805,Nycteola revayana
/home/lucien/projet_lepinoc/data/data/lepinoc2022-4/ann/209f6502483d1d966aaa9ba0d5196943.jpg,0.647461,0.418579,0.048828,0.050537,Nycteola revayana
/home/lucien/projet_lepinoc/data/data/lepinoc2022-4/ann/209f6502483d1d966aaa9ba0d5196943.jpg,0.435872,0.662598,0.046224,0.048828,Nycteola revayana
/home/lucien/projet_lepinoc/data/data/lepinoc2022-4/ann/209f6502483d1d966aaa9ba0d5196943.jpg,0.632975,0.738281,0.040039,0.045898,Nycteola revayana
/home/lucien/projet_lepinoc/data/data/lepinoc2022-4/ann/209f6502483d1d966aaa9ba0d5196943.jpg,0.610352,0.639526,0.053385,0.018311,Endotricha flammealis
/home/lucien/projet_lepinoc/data/data/lepinoc2022-4/ann/209f6502483d1d966aaa9ba0d5196943.jpg,0.700846,0.703003,0.060547,0.014893,Ge
/home/lucien/projet_lepinoc/data/data/lepinoc2022-4/ann/209f6502483d1d966aaa9ba0d5196943.jpg,0.174479,0.374390,0.016927,0.019775,Lepidoptera
/home/lucien/projet_lepinoc/data/data/lepinoc2022-4/ann/209f6502483d1d966aaa9ba0d5196943.jpg,0.475098,0.489014,0.017904,0.019531,Lepidoptera
/home/lucien/projet_lepinoc/data/data/lepinoc2022-4/ann/209f6502483d1d966aaa9ba0d5196943.jpg,0.520833,0.787109,0.018880,0.019043,Lepidoptera
/home/lucien/projet_lepinoc/data/data/lepinoc2022-4/ann/209f6502483d1d966aaa9ba0d5196943.jpg,0.760742,0.963379,0.041667,0.061035,Noctuidae
/home/lucien/projet_lepinoc/data/data/lepinoc2022-4/ann/209f6502483d1d966aaa9ba0d5196943.jpg,0.398275,0.949585,0.084961,0.035889,Pterophoridae
/home/lucien/projet_lepinoc/data/data/lepinoc2022-4/ann/6af94025ee610b9c18eec24fc2a6ded6.jpg,0.216797,0.069824,0.017578,0.025879,Lepidoptera
/home/lucien/projet_lepinoc/data/data/lepinoc2022-4/ann/6af94025ee610b9c18eec24fc2a6ded6.jpg,0.758789,0.064819,0.027344,0.028564,Lepidoptera
/home/lucien/projet_lepinoc/data/data/lepinoc2022-4/ann/6af94025ee610b9c18eec24fc2a6ded6.jpg,0.767090,0.232178,0.019857,0.020508,Lepidoptera
/home/lucien/projet_lepinoc/data/data/lepinoc2022-4/ann/6af94025ee610b9c18eec24fc2a6ded6.jpg,0.842285,0.532593,0.012044,0.018799,Lepidoptera
/home/lucien/projet_lepinoc/data/data/lepinoc2022-4/ann/6af94025ee610b9c18eec24fc2a6ded6.jpg,0.267578,0.455322,0.033203,0.029785,Crambidae
/home/lucien/projet_lepinoc/data/data/lepinoc2022-4/ann/4bb12deb661c3532c0b9fb120c1f7791.jpg,0.167806,0.057129,0.084961,0.040039,Scopula
/home/lucien/projet_lepinoc/data/data/lepinoc2022-4/ann/4bb12deb661c3532c0b9fb120c1f7791.jpg,0.424805,0.430298,0.026042,0.028564,Lepidoptera
/home/lucien/projet_lepinoc/data/data/lepinoc2022-4/ann/58aac6e689b6d4346f04056fffc9d774.jpg,0.097168,0.126221,0.073242,0.061035,Noctuidae
/home/lucien/projet_lepinoc/data/data/lepinoc2022-4/ann/58aac6e689b6d4346f04056fffc9d774.jpg,0.185221,0.071289,0.044271,0.064453,Nycteola revayana
/home/lucien/projet_lepinoc/data/data/lepinoc2022-4/ann/58aac6e689b6d4346f04056fffc9d774.jpg,0.294759,0.299194,0.056966,0.051025,Nycteola revayana
/home/lucien/projet_lepinoc/data/data/lepinoc2022-4/ann/58aac6e689b6d4346f04056fffc9d774.jpg,0.530762,0.311035,0.042643,0.047363,Nycteola revayana
/home/lucien/projet_lepinoc/data/data/lepinoc2022-4/ann/58aac6e689b6d4346f04056fffc9d774.jpg,0.710286,0.279907,0.050781,0.052979,Nycteola revayana
/home/lucien/projet_lepinoc/data/data/lepinoc2022-4/ann/58aac6e689b6d4346f04056fffc9d774.jpg,0.648763,0.427979,0.063151,0.040039,Nycteola revayana
/home/lucien/projet_lepinoc/data/data/lepinoc2022-4/ann/58aac6e689b6d4346f04056fffc9d774.jpg,0.331217,0.427002,0.045247,0.050293,Nycteola revayana
/home/lucien/projet_lepinoc/data/data/lepinoc2022-4/ann/58aac6e689b6d4346f04056fffc9d774.jpg,0.437174,0.661987,0.043620,0.046631,Nycteola revayana
/home/lucien/projet_lepinoc/data/data/lepinoc2022-4/ann/58aac6e689b6d4346f04056fffc9d774.jpg,0.701497,0.698975,0.069661,0.024414,Geometridae
/home/lucien/projet_lepinoc/data/data/lepinoc2022-4/ann/58aac6e689b6d4346f04056fffc9d774.jpg,0.398600,0.950562,0.080404,0.039307,Pterophoridae
/home/lucien/projet_lepinoc/data/data/lepinoc2022-4/ann/58aac6e689b6d4346f04056fffc9d774.jpg,0.760905,0.958008,0.050456,0.062500,Noctuidae
/home/lucien/projet_lepinoc/data/data/lepinoc2022-4/ann/58aac6e689b6d4346f04056fffc9d774.jpg,0.549805,0.788086,0.020833,0.015625,Lepidoptera
/home/lucien/projet_lepinoc/data/data/lepinoc2022-4/ann/58aac6e689b6d4346f04056fffc9d774.jpg,0.173177,0.373047,0.018229,0.019531,Lepidoptera
/home/lucien/projet_lepinoc/data/data/lepinoc2022-4/ann/58aac6e689b6d4346f04056fffc9d774.jpg,0.627930,0.491699,0.037760,0.033203,Eucrostes indigenata
/home/lucien/projet_lepinoc/data/data/lepinoc2022-4/ann/168b022deba85bcdd33f03190627a39c.jpg,0.155436,0.719604,0.019206,0.030518,Lepidoptera
/home/lucien/projet_lepinoc/data/data/lepinoc2022-4/ann/675208a4b60c58faf7751b9b34f85ce9.jpg,0.685710,0.456055,0.095378,0.039551,Scopula rubiginata
/home/lucien/projet_lepinoc/data/data/lepinoc2022-4/ann/94224e6cc265e8ae221de333739912f9.jpg,0.519206,0.252441,0.027344,0.037598,Lepidoptera
/home/lucien/projet_lepinoc/data/data/lepinoc2022-4/ann/df7de374d876aaed2abf942eec8f595d.jpg,0.464681,0.067871,0.033529,0.047852,Lepidoptera
/home/lucien/projet_lepinoc/data/data/lepinoc2022-4/ann/df7de374d876aaed2abf942eec8f595d.jpg,0.158691,0.719971,0.022461,0.026367,Lepidoptera
/home/lucien/projet_lepinoc/data/data/lepinoc2022-4/ann/e601b72b0b160104fc96f135cde457d5.jpg,0.481445,0.369385,0.054036,0.055664,Noctuidae
/home/lucien/projet_lepinoc/data/data/lepinoc2022-4/ann/e601b72b0b160104fc96f135cde457d5.jpg,0.187012,0.500244,0.064128,0.073242,Aphomia
/home/lucien/projet_lepinoc/data/data/lepinoc2022-4/ann/407830b1cec21c3898e2308459256689.jpg,0.445312,0.019043,0.090495,0.026367,Scopula rubiginata
/home/lucien/projet_lepinoc/data/data/lepinoc2022-4/ann/407830b1cec21c3898e2308459256689.jpg,0.093587,0.146240,0.063477,0.063965,Scopula rubiginata
/home/lucien/projet_lepinoc/data/data/lepinoc2022-4/ann/407830b1cec21c3898e2308459256689.jpg,0.282389,0.515869,0.094076,0.041992,Scopula rubiginata
/home/lucien/projet_lepinoc/data/data/lepinoc2022-4/ann/407830b1cec21c3898e2308459256689.jpg,0.405599,0.623413,0.072266,0.037354,Geometridae
/home/lucien/projet_lepinoc/data/data/lepinoc2022-4/ann/407830b1cec21c3898e2308459256689.jpg,0.060547,0.907471,0.033203,0.056152,Lepidoptera
/home/lucien/projet_lepinoc/data/data/lepinoc2022-4/ann/7b223fe1429df8db0cbcc10c0f94cd24.jpg,0.503906,0.114746,0.097656,0.044434,Idaea
/home/lucien/projet_lepinoc/data/data/lepinoc2022-4/ann/7b223fe1429df8db0cbcc10c0f94cd24.jpg,0.798991,0.316895,0.101888,0.039551,Scopula rubiginata
/home/lucien/projet_lepinoc/data/data/lepinoc2022-4/ann/7b223fe1429df8db0cbcc10c0f94cd24.jpg,0.547852,0.973022,0.083333,0.045654,Xestia c-nigrum
/home/lucien/projet_lepinoc/data/data/lepinoc2022-4/ann/7b223fe1429df8db0cbcc10c0f94cd24.jpg,0.958822,0.929565,0.075195,0.074951,Camptogramma bilineata
/home/lucien/projet_lepinoc/data/data/lepinoc2022-4/ann/7b223fe1429df8db0cbcc10c0f94cd24.jpg,0.433919,0.739624,0.095703,0.067139,Atethmia centrago
/home/lucien/projet_lepinoc/data/data/lepinoc2022-4/ann/5295e497556de9f33ac85a500cbf9420.jpg,0.192057,0.505005,0.063151,0.069092,Aphomia
/home/lucien/projet_lepinoc/data/data/lepinoc2022-4/ann/d5c8f40b3bafa8e5cf1f750a9707e002.jpg,0.212891,0.044434,0.059896,0.043457,Noctuidae
/home/lucien/projet_lepinoc/data/data/lepinoc2022-4/ann/d5c8f40b3bafa8e5cf1f750a9707e002.jpg,0.475911,0.019409,0.039714,0.032471,Lepidoptera
/home/lucien/projet_lepinoc/data/data/lepinoc2022-4/ann/d5c8f40b3bafa8e5cf1f750a9707e002.jpg,0.283040,0.136353,0.017253,0.025146,Lepidoptera
/home/lucien/projet_lepinoc/data/data/lepinoc2022-4/ann/d5c8f40b3bafa8e5cf1f750a9707e002.jpg,0.419596,0.163208,0.018880,0.027100,Lepidoptera
/home/lucien/projet_lepinoc/data/data/lepinoc2022-4/ann/d5c8f40b3bafa8e5cf1f750a9707e002.jpg,0.717448,0.186523,0.012370,0.022461,Lepidoptera
/home/lucien/projet_lepinoc/data/data/lepinoc2022-4/ann/d5c8f40b3bafa8e5cf1f750a9707e002.jpg,0.768880,0.233643,0.023438,0.019043,Lepidoptera
/home/lucien/projet_lepinoc/data/data/lepinoc2022-4/ann/d5c8f40b3bafa8e5cf1f750a9707e002.jpg,0.844564,0.531128,0.015299,0.023682,Lepidoptera
/home/lucien/projet_lepinoc/data/data/lepinoc2022-4/ann/b70ec54d9f83d1fcb99814c2eed0aa52.jpg,0.656413,0.123169,0.066081,0.047607,Mesoligia furuncula
/home/lucien/projet_lepinoc/data/data/lepinoc2022-4/ann/b70ec54d9f83d1fcb99814c2eed0aa52.jpg,0.832194,0.261230,0.036133,0.046875,Pyralidae
/home/lucien/projet_lepinoc/data/data/lepinoc2022-4/ann/b70ec54d9f83d1fcb99814c2eed0aa52.jpg,0.166667,0.405029,0.032552,0.034668,Tortricidae
/home/lucien/projet_lepinoc/data/data/lepinoc2022-4/ann/b70ec54d9f83d1fcb99814c2eed0aa52.jpg,0.855794,0.358521,0.027344,0.031006,Tortricidae
/home/lucien/projet_lepinoc/data/data/lepinoc2022-4/ann/2dc6ec51b11696c45bdf28e9557bef7d.jpg,0.393880,0.854614,0.032552,0.042725,Lepidoptera
/home/lucien/projet_lepinoc/data/data/lepinoc2022-4/ann/61217d3cec426da0d78f7305b2550f89.jpg,0.700195,0.042236,0.034505,0.029297,Tortricidae
/home/lucien/projet_lepinoc/data/data/lepinoc2022-4/ann/61217d3cec426da0d78f7305b2550f89.jpg,0.553711,0.245850,0.020182,0.029297,Tortricidae
/home/lucien/projet_lepinoc/data/data/lepinoc2022-4/ann/61217d3cec426da0d78f7305b2550f89.jpg,0.236491,0.261963,0.039388,0.051758,Acrobasis
/home/lucien/projet_lepinoc/data/data/lepinoc2022-4/ann/09937deb2ad4d5470907fd93ab91132b.jpg,0.943522,0.027710,0.084961,0.054932,Noctuidae
/home/lucien/projet_lepinoc/data/data/lepinoc2022-4/ann/09937deb2ad4d5470907fd93ab91132b.jpg,0.785970,0.183350,0.040039,0.038574,Tortricidae
/home/lucien/projet_lepinoc/data/data/lepinoc2022-4/ann/09937deb2ad4d5470907fd93ab91132b.jpg,0.400716,0.352661,0.091146,0.037842,Geometridae
/home/lucien/projet_lepinoc/data/data/lepinoc2022-4/ann/09937deb2ad4d5470907fd93ab91132b.jpg,0.693034,0.915283,0.051432,0.052734,Mesoligia furuncula
/home/lucien/projet_lepinoc/data/data/lepinoc2022-4/ann/5625aa459860ad6e5e51c12b2bd18ede.jpg,0.832194,0.143188,0.028971,0.029053,Tortricidae
/home/lucien/projet_lepinoc/data/data/lepinoc2022-4/ann/5625aa459860ad6e5e51c12b2bd18ede.jpg,0.353841,0.164917,0.041667,0.061768,Nomophila noctuella
/home/lucien/projet_lepinoc/data/data/lepinoc2022-4/ann/5625aa459860ad6e5e51c12b2bd18ede.jpg,0.401855,0.203247,0.094076,0.052979,Scopula rubiginata
/home/lucien/projet_lepinoc/data/data/lepinoc2022-4/ann/5625aa459860ad6e5e51c12b2bd18ede.jpg,0.886882,0.279175,0.089518,0.042236,Scopula rubiginata
/home/lucien/projet_lepinoc/data/data/lepinoc2022-4/ann/5625aa459860ad6e5e51c12b2bd18ede.jpg,0.788900,0.301147,0.063477,0.029053,Pyrausta despicata
/home/lucien/projet_lepinoc/data/data/lepinoc2022-4/ann/5625aa459860ad6e5e51c12b2bd18ede.jpg,0.491536,0.324585,0.097656,0.043213,Geometridae
/home/lucien/projet_lepinoc/data/data/lepinoc2022-4/ann/5625aa459860ad6e5e51c12b2bd18ede.jpg,0.708984,0.285278,0.020833,0.021729,Lepidoptera
/home/lucien/projet_lepinoc/data/data/lepinoc2022-4/ann/5625aa459860ad6e5e51c12b2bd18ede.jpg,0.166829,0.498535,0.045247,0.031738,Pyrausta
/home/lucien/projet_lepinoc/data/data/lepinoc2022-4/ann/5625aa459860ad6e5e51c12b2bd18ede.jpg,0.490560,0.504639,0.099609,0.031738,Scopula rubiginata
/home/lucien/projet_lepinoc/data/data/lepinoc2022-4/ann/5625aa459860ad6e5e51c12b2bd18ede.jpg,0.685710,0.753174,0.038086,0.048828,Crambidae
/home/lucien/projet_lepinoc/data/data/lepinoc2022-4/ann/5625aa459860ad6e5e51c12b2bd18ede.jpg,0.168945,0.913574,0.035156,0.061523,Nomophila noctuella
/home/lucien/projet_lepinoc/data/data/lepinoc2022-4/ann/fd0862c9afd60423678e599888dd07e6.jpg,0.364258,0.151978,0.037109,0.046631,Lepidoptera
/home/lucien/projet_lepinoc/data/data/lepinoc2022-4/ann/fd0862c9afd60423678e599888dd07e6.jpg,0.233724,0.490356,0.027344,0.023682,Lepidoptera
/home/lucien/projet_lepinoc/data/data/lepinoc2022-4/ann/fd0862c9afd60423678e599888dd07e6.jpg,0.154134,0.719971,0.023763,0.028320,Lepidoptera
/home/lucien/projet_lepinoc/data/data/lepinoc2022-4/ann/6711c17aa85e187367a1dc1dd68673b6.jpg,0.369303,0.063843,0.025065,0.033447,Tortricidae
/home/lucien/projet_lepinoc/data/data/lepinoc2022-4/ann/6711c17aa85e187367a1dc1dd68673b6.jpg,0.478353,0.307983,0.026367,0.034424,Tortricidae
/home/lucien/projet_lepinoc/data/data/lepinoc2022-4/ann/6711c17aa85e187367a1dc1dd68673b6.jpg,0.251790,0.223511,0.094076,0.056885,Laspeyria flexula
/home/lucien/projet_lepinoc/data/data/lepinoc2022-4/ann/6711c17aa85e187367a1dc1dd68673b6.jpg,0.205241,0.075073,0.026367,0.021729,Lepidoptera
/home/lucien/projet_lepinoc/data/data/lepinoc2022-4/ann/6711c17aa85e187367a1dc1dd68673b6.jpg,0.241374,0.088257,0.026367,0.018311,Lepidoptera
/home/lucien/projet_lepinoc/data/data/lepinoc2022-4/ann/6711c17aa85e187367a1dc1dd68673b6.jpg,0.285156,0.115356,0.030599,0.054932,Lepidoptera
/home/lucien/projet_lepinoc/data/data/lepinoc2022-4/ann/6711c17aa85e187367a1dc1dd68673b6.jpg,0.613932,0.062500,0.037109,0.017090,Lepidoptera
/home/lucien/projet_lepinoc/data/data/lepinoc2022-4/ann/6711c17aa85e187367a1dc1dd68673b6.jpg,0.883789,0.067627,0.037760,0.038086,Lepidoptera
/home/lucien/projet_lepinoc/data/data/lepinoc2022-4/ann/6711c17aa85e187367a1dc1dd68673b6.jpg,0.176595,0.340576,0.036133,0.041504,Lepidoptera
/home/lucien/projet_lepinoc/data/data/lepinoc2022-4/ann/6711c17aa85e187367a1dc1dd68673b6.jpg,0.524414,0.100830,0.095052,0.041992,Scopula rubiginata
/home/lucien/projet_lepinoc/data/data/lepinoc2022-4/ann/6711c17aa85e187367a1dc1dd68673b6.jpg,0.450358,0.503296,0.096680,0.035889,Scopula rubiginata
/home/lucien/projet_lepinoc/data/data/lepinoc2022-4/ann/6711c17aa85e187367a1dc1dd68673b6.jpg,0.414876,0.621948,0.073242,0.065674,Craniophora ligustri
/home/lucien/projet_lepinoc/data/data/lepinoc2022-4/ann/6711c17aa85e187367a1dc1dd68673b6.jpg,0.652018,0.913330,0.037109,0.055664,Lepidoptera
/home/lucien/projet_lepinoc/data/data/lepinoc2022-4/ann/b264ddccd9313fd5e80a53066768966f.jpg,0.424479,0.164185,0.025391,0.023682,Lepidoptera
/home/lucien/projet_lepinoc/data/data/lepinoc2022-4/ann/b264ddccd9313fd5e80a53066768966f.jpg,0.230143,0.354126,0.055990,0.063232,Aphomia
/home/lucien/projet_lepinoc/data/data/lepinoc2022-4/ann/6f8486ab738ff37b9074afdaa710c55d.jpg,0.726237,0.150024,0.066406,0.056396,Scopula rubiginata
/home/lucien/projet_lepinoc/data/data/lepinoc2022-4/ann/6f8486ab738ff37b9074afdaa710c55d.jpg,0.683919,0.264160,0.033854,0.036621,Lepidoptera
/home/lucien/projet_lepinoc/data/data/lepinoc2022-4/ann/6f8486ab738ff37b9074afdaa710c55d.jpg,0.802734,0.317139,0.024089,0.037598,Lepidoptera
/home/lucien/projet_lepinoc/data/data/lepinoc2022-4/ann/6f8486ab738ff37b9074afdaa710c55d.jpg,0.815267,0.399292,0.046549,0.051514,Crambidae
/home/lucien/projet_lepinoc/data/data/lepinoc2022-4/ann/6f8486ab738ff37b9074afdaa710c55d.jpg,0.492839,0.801147,0.095052,0.042236,Idaea
/home/lucien/projet_lepinoc/data/data/lepinoc2022-4/ann/6f8486ab738ff37b9074afdaa710c55d.jpg,0.507812,0.969727,0.095052,0.052734,Xestia c-nigrum
/home/lucien/projet_lepinoc/data/data/lepinoc2022-4/ann/6f8486ab738ff37b9074afdaa710c55d.jpg,0.982910,0.951050,0.026367,0.056396,Lepidoptera
/home/lucien/projet_lepinoc/data/data/lepinoc2022-4/ann/57dfb83fad5239a6759436d4ccd14c4e.jpg,0.096517,0.128418,0.073893,0.062012,Noctuidae
/home/lucien/projet_lepinoc/data/data/lepinoc2022-4/ann/57dfb83fad5239a6759436d4ccd14c4e.jpg,0.166016,0.209229,0.050130,0.037598,Dolicharthria punctalis
/home/lucien/projet_lepinoc/data/data/lepinoc2022-4/ann/57dfb83fad5239a6759436d4ccd14c4e.jpg,0.460286,0.139160,0.042318,0.027344,Lepidoptera
/home/lucien/projet_lepinoc/data/data/lepinoc2022-4/ann/57dfb83fad5239a6759436d4ccd14c4e.jpg,0.477214,0.489014,0.021484,0.022461,Lepidoptera
/home/lucien/projet_lepinoc/data/data/lepinoc2022-4/ann/57dfb83fad5239a6759436d4ccd14c4e.jpg,0.171712,0.363159,0.021159,0.020752,Lepidoptera
/home/lucien/projet_lepinoc/data/data/lepinoc2022-4/ann/57dfb83fad5239a6759436d4ccd14c4e.jpg,0.523600,0.306763,0.041341,0.054443,Nycteola revayana
/home/lucien/projet_lepinoc/data/data/lepinoc2022-4/ann/57dfb83fad5239a6759436d4ccd14c4e.jpg,0.594889,0.327515,0.053711,0.045166,Nycteola revayana
/home/lucien/projet_lepinoc/data/data/lepinoc2022-4/ann/57dfb83fad5239a6759436d4ccd14c4e.jpg,0.332031,0.426514,0.046224,0.045898,Nycteola revayana
/home/lucien/projet_lepinoc/data/data/lepinoc2022-4/ann/57dfb83fad5239a6759436d4ccd14c4e.jpg,0.706380,0.277588,0.051432,0.048828,Nycteola revayana
/home/lucien/projet_lepinoc/data/data/lepinoc2022-4/ann/57dfb83fad5239a6759436d4ccd14c4e.jpg,0.718913,0.388916,0.041341,0.038574,Nycteola revayana
/home/lucien/projet_lepinoc/data/data/lepinoc2022-4/ann/57dfb83fad5239a6759436d4ccd14c4e.jpg,0.645020,0.421387,0.043945,0.048828,Nycteola revayana
/home/lucien/projet_lepinoc/data/data/lepinoc2022-4/ann/57dfb83fad5239a6759436d4ccd14c4e.jpg,0.934733,0.483398,0.040039,0.050781,Noctuidae
/home/lucien/projet_lepinoc/data/data/lepinoc2022-4/ann/57dfb83fad5239a6759436d4ccd14c4e.jpg,0.611816,0.498413,0.034831,0.033936,Eucrostes indigenata
/home/lucien/projet_lepinoc/data/data/lepinoc2022-4/ann/57dfb83fad5239a6759436d4ccd14c4e.jpg,0.632975,0.738281,0.042643,0.042480,Nycteola revayana
/home/lucien/projet_lepinoc/data/data/lepinoc2022-4/ann/57dfb83fad5239a6759436d4ccd14c4e.jpg,0.436523,0.658447,0.052734,0.047852,Nycteola revayana
/home/lucien/projet_lepinoc/data/data/lepinoc2022-4/ann/57dfb83fad5239a6759436d4ccd14c4e.jpg,0.702474,0.696045,0.066406,0.019531,Geometridae
/home/lucien/projet_lepinoc/data/data/lepinoc2022-4/ann/57dfb83fad5239a6759436d4ccd14c4e.jpg,0.750814,0.958008,0.045247,0.057129,Noctuidae
/home/lucien/projet_lepinoc/data/data/lepinoc2022-4/ann/57dfb83fad5239a6759436d4ccd14c4e.jpg,0.308757,0.916260,0.027669,0.015137,Lepidoptera
/home/lucien/projet_lepinoc/data/data/lepinoc2022-4/ann/57dfb83fad5239a6759436d4ccd14c4e.jpg,0.387044,0.936890,0.063802,0.030029,Endotricha flammealis
/home/lucien/projet_lepinoc/data/data/lepinoc2022-4/ann/fc395aa601ccdca600e809b51320f6a5.jpg,0.196615,0.022705,0.069010,0.044922,Noctuidae
/home/lucien/projet_lepinoc/data/data/lepinoc2022-4/ann/fc395aa601ccdca600e809b51320f6a5.jpg,0.947266,0.208984,0.032552,0.036133,Pyralidae
/home/lucien/projet_lepinoc/data/data/lepinoc2022-4/ann/fc395aa601ccdca600e809b51320f6a5.jpg,0.523112,0.434448,0.030599,0.033936,Eudonia
/home/lucien/projet_lepinoc/data/data/lepinoc2022-4/ann/fc395aa601ccdca600e809b51320f6a5.jpg,0.190267,0.582275,0.021810,0.029785,Lepidoptera
/home/lucien/projet_lepinoc/data/data/lepinoc2022-4/ann/fc395aa601ccdca600e809b51320f6a5.jpg,0.833171,0.706787,0.021810,0.022461,Lepidoptera
/home/lucien/projet_lepinoc/data/data/lepinoc2022-4/ann/fc395aa601ccdca600e809b51320f6a5.jpg,0.847168,0.869141,0.038737,0.040527,Lepidoptera
/home/lucien/projet_lepinoc/data/data/lepinoc2022-4/ann/fc395aa601ccdca600e809b51320f6a5.jpg,0.855794,0.634888,0.101562,0.054932,Watsonalla uncinula
/home/lucien/projet_lepinoc/data/data/lepinoc2022-4/ann/fc395aa601ccdca600e809b51320f6a5.jpg,0.929362,0.645020,0.037109,0.029297,Eublemma
/home/lucien/projet_lepinoc/data/data/lepinoc2022-4/ann/8418595b24ff23283f0a0df4cf8c7531.jpg,0.201823,0.021606,0.069010,0.042725,Noctuidae
/home/lucien/projet_lepinoc/data/data/lepinoc2022-4/ann/8418595b24ff23283f0a0df4cf8c7531.jpg,0.226074,0.234497,0.025065,0.026123,Lepidoptera
/home/lucien/projet_lepinoc/data/data/lepinoc2022-4/ann/8418595b24ff23283f0a0df4cf8c7531.jpg,0.306966,0.206299,0.018880,0.028320,Lepidoptera
/home/lucien/projet_lepinoc/data/data/lepinoc2022-4/ann/8418595b24ff23283f0a0df4cf8c7531.jpg,0.193034,0.586182,0.018880,0.019531,Lepidoptera
/home/lucien/projet_lepinoc/data/data/lepinoc2022-4/ann/8418595b24ff23283f0a0df4cf8c7531.jpg,0.634928,0.423706,0.046549,0.042236,Lepidoptera
/home/lucien/projet_lepinoc/data/data/lepinoc2022-4/ann/8418595b24ff23283f0a0df4cf8c7531.jpg,0.819010,0.519531,0.033854,0.059082,Yponomeutidae
/home/lucien/projet_lepinoc/data/data/lepinoc2022-4/ann/8418595b24ff23283f0a0df4cf8c7531.jpg,0.420898,0.436768,0.031250,0.036621,Eudonia
/home/lucien/projet_lepinoc/data/data/lepinoc2022-4/ann/8418595b24ff23283f0a0df4cf8c7531.jpg,0.367676,0.507812,0.037435,0.024414,Tortricidae
/home/lucien/projet_lepinoc/data/data/lepinoc2022-4/ann/8418595b24ff23283f0a0df4cf8c7531.jpg,0.311361,0.790771,0.025065,0.023438,Lepidoptera
/home/lucien/projet_lepinoc/data/data/lepinoc2022-4/ann/849f9439344d6a4ddbe64ef155a5180d.jpg,0.510905,0.245605,0.089518,0.038574,Geometridae
/home/lucien/projet_lepinoc/data/data/lepinoc2022-4/ann/849f9439344d6a4ddbe64ef155a5180d.jpg,0.696289,0.431152,0.095052,0.041992,Scopula rubiginata
/home/lucien/projet_lepinoc/data/data/lepinoc2022-4/ann/849f9439344d6a4ddbe64ef155a5180d.jpg,0.806966,0.683350,0.025391,0.031250,Lepidoptera
/home/lucien/projet_lepinoc/data/data/lepinoc2022-4/ann/9f62145993a026ba94be0bde7933acb7.jpg,0.130371,0.017578,0.041341,0.022461,Lepidoptera
/home/lucien/projet_lepinoc/data/data/lepinoc2022-4/ann/9f62145993a026ba94be0bde7933acb7.jpg,0.477865,0.039673,0.027344,0.034912,Lepidoptera
/home/lucien/projet_lepinoc/data/data/lepinoc2022-4/ann/9f62145993a026ba94be0bde7933acb7.jpg,0.380859,0.328491,0.036458,0.056396,Nomophila noctuella
/home/lucien/projet_lepinoc/data/data/lepinoc2022-4/ann/5a9c94fcdfbd20f77ab4d17416b4c440.jpg,0.366211,0.319214,0.039062,0.058350,Nomophila noctuella
/home/lucien/projet_lepinoc/data/data/lepinoc2022-4/ann/5a9c94fcdfbd20f77ab4d17416b4c440.jpg,0.013021,0.569702,0.023438,0.049561,Crambidae
/home/lucien/projet_lepinoc/data/data/lepinoc2022-4/ann/5a9c94fcdfbd20f77ab4d17416b4c440.jpg,0.303223,0.924805,0.038086,0.052734,Crambidae
/home/lucien/projet_lepinoc/data/data/lepinoc2022-4/ann/3b4d423685198583f5656dfc885facf0.jpg,0.481283,0.367920,0.052409,0.059570,Noctuidae
/home/lucien/projet_lepinoc/data/data/lepinoc2022-4/ann/3b4d423685198583f5656dfc885facf0.jpg,0.186361,0.504272,0.057617,0.067139,Aphomia
/home/lucien/projet_lepinoc/data/data/lepinoc2022-4/ann/fb805829209a0f40ac7d8ec00b6f10ad.jpg,0.194824,0.509277,0.060872,0.073242,Aphomia
/home/lucien/projet_lepinoc/data/data/lepinoc2022-4/ann/eb9603b9acb46ec650b28c7b8026fae3.jpg,0.485677,0.368042,0.054688,0.063232,Noctuidae
/home/lucien/projet_lepinoc/data/data/lepinoc2022-4/ann/eb9603b9acb46ec650b28c7b8026fae3.jpg,0.186361,0.497803,0.058919,0.074219,Aphomia
/home/lucien/projet_lepinoc/data/data/lepinoc2022-4/ann/eb9603b9acb46ec650b28c7b8026fae3.jpg,0.691243,0.472290,0.013997,0.015869,Lepidoptera
/home/lucien/projet_lepinoc/data/data/lepinoc2022-4/ann/d30ce09d4620926472bd909ade2d6925.jpg,0.301921,0.092651,0.029622,0.033936,Tortricidae
/home/lucien/projet_lepinoc/data/data/lepinoc2022-4/ann/d30ce09d4620926472bd909ade2d6925.jpg,0.774902,0.182861,0.078451,0.033691,Idaea filicata
/home/lucien/projet_lepinoc/data/data/lepinoc2022-4/ann/d30ce09d4620926472bd909ade2d6925.jpg,0.819987,0.147583,0.046224,0.028564,Cryphia
/home/lucien/projet_lepinoc/data/data/lepinoc2022-4/ann/d30ce09d4620926472bd909ade2d6925.jpg,0.722005,0.278809,0.018229,0.023926,Lepidoptera
/home/lucien/projet_lepinoc/data/data/lepinoc2022-4/ann/d30ce09d4620926472bd909ade2d6925.jpg,0.182129,0.395752,0.045247,0.017578,Lepidoptera
/home/lucien/projet_lepinoc/data/data/lepinoc2022-4/ann/d30ce09d4620926472bd909ade2d6925.jpg,0.099772,0.406738,0.054362,0.055664,Noctuidae
/home/lucien/projet_lepinoc/data/data/lepinoc2022-4/ann/d30ce09d4620926472bd909ade2d6925.jpg,0.620117,0.206909,0.044271,0.046631,Nycteola revayana
/home/lucien/projet_lepinoc/data/data/lepinoc2022-4/ann/d30ce09d4620926472bd909ade2d6925.jpg,0.466146,0.381470,0.041667,0.046143,Nycteola revayana
/home/lucien/projet_lepinoc/data/data/lepinoc2022-4/ann/d30ce09d4620926472bd909ade2d6925.jpg,0.322754,0.427002,0.044596,0.045898,Nycteola revayana
/home/lucien/projet_lepinoc/data/data/lepinoc2022-4/ann/d30ce09d4620926472bd909ade2d6925.jpg,0.606771,0.608521,0.044271,0.042725,Nycteola revayana
/home/lucien/projet_lepinoc/data/data/lepinoc2022-4/ann/d30ce09d4620926472bd909ade2d6925.jpg,0.352702,0.576904,0.033529,0.048828,Nomophila noctuella
/home/lucien/projet_lepinoc/data/data/lepinoc2022-4/ann/d30ce09d4620926472bd909ade2d6925.jpg,0.709798,0.590088,0.045898,0.069824,Nomophila noctuella
/home/lucien/projet_lepinoc/data/data/lepinoc2022-4/ann/d30ce09d4620926472bd909ade2d6925.jpg,0.950195,0.782349,0.067708,0.028564,Geometridae
/home/lucien/projet_lepinoc/data/data/lepinoc2022-4/ann/d30ce09d4620926472bd909ade2d6925.jpg,0.192546,0.633667,0.029622,0.029541,Pyralidae
/home/lucien/projet_lepinoc/data/data/lepinoc2022-4/ann/6cc5cc83bf63c78d830e63946ed37cb3.jpg,0.470378,0.190308,0.029948,0.028076,Lepidoptera
/home/lucien/projet_lepinoc/data/data/lepinoc2022-4/ann/d2ed45a890e8cf2a0dc5d31fbfe841f7.jpg,0.743652,0.037476,0.027018,0.042725,Pyralidae
/home/lucien/projet_lepinoc/data/data/lepinoc2022-4/ann/d2ed45a890e8cf2a0dc5d31fbfe841f7.jpg,0.284831,0.421875,0.027995,0.027832,Lepidoptera
/home/lucien/projet_lepinoc/data/data/lepinoc2022-4/ann/63d207b199307a73f49f67c5a66184d0.jpg,0.610677,0.051880,0.097656,0.051514,Euxoa obelisca
/home/lucien/projet_lepinoc/data/data/lepinoc2022-4/ann/63d207b199307a73f49f67c5a66184d0.jpg,0.400228,0.081909,0.087565,0.049561,Idaea
/home/lucien/projet_lepinoc/data/data/lepinoc2022-4/ann/63d207b199307a73f49f67c5a66184d0.jpg,0.974284,0.081421,0.048828,0.069580,Scopula ornata
/home/lucien/projet_lepinoc/data/data/lepinoc2022-4/ann/63d207b199307a73f49f67c5a66184d0.jpg,0.974935,0.154663,0.029948,0.031982,Idaea
/home/lucien/projet_lepinoc/data/data/lepinoc2022-4/ann/63d207b199307a73f49f67c5a66184d0.jpg,0.980469,0.268311,0.031250,0.071289,Noctuidae
/home/lucien/projet_lepinoc/data/data/lepinoc2022-4/ann/63d207b199307a73f49f67c5a66184d0.jpg,0.857259,0.228394,0.072591,0.048096,Scopula rubiginata
/home/lucien/projet_lepinoc/data/data/lepinoc2022-4/ann/63d207b199307a73f49f67c5a66184d0.jpg,0.076497,0.242432,0.096354,0.049805,Scopula rubiginata
/home/lucien/projet_lepinoc/data/data/lepinoc2022-4/ann/63d207b199307a73f49f67c5a66184d0.jpg,0.060872,0.064575,0.032552,0.054443,Eilema
/home/lucien/projet_lepinoc/data/data/lepinoc2022-4/ann/63d207b199307a73f49f67c5a66184d0.jpg,0.124186,0.324219,0.053711,0.038574,Pyrausta despicata
/home/lucien/projet_lepinoc/data/data/lepinoc2022-4/ann/63d207b199307a73f49f67c5a66184d0.jpg,0.232422,0.320435,0.037760,0.064697,Eilema caniola
/home/lucien/projet_lepinoc/data/data/lepinoc2022-4/ann/63d207b199307a73f49f67c5a66184d0.jpg,0.390137,0.224243,0.022461,0.028076,Lepidoptera
/home/lucien/projet_lepinoc/data/data/lepinoc2022-4/ann/63d207b199307a73f49f67c5a66184d0.jpg,0.150553,0.450073,0.026367,0.017822,Lepidoptera
/home/lucien/projet_lepinoc/data/data/lepinoc2022-4/ann/63d207b199307a73f49f67c5a66184d0.jpg,0.196126,0.508179,0.090169,0.029053,Idaea
/home/lucien/projet_lepinoc/data/data/lepinoc2022-4/ann/63d207b199307a73f49f67c5a66184d0.jpg,0.628743,0.909668,0.041341,0.033691,Lepidoptera
/home/lucien/projet_lepinoc/data/data/lepinoc2022-4/ann/d96d23029e452981640a235c1f504103.jpg,0.072266,0.106201,0.020833,0.025879,Lepidoptera
/home/lucien/projet_lepinoc/data/data/lepinoc2022-4/ann/f8ed17e874b519d1d7182c389d249edf.jpg,0.910482,0.200073,0.046224,0.049561,Hypsopygia costalis
/home/lucien/projet_lepinoc/data/data/lepinoc2022-4/ann/f8ed17e874b519d1d7182c389d249edf.jpg,0.188477,0.505005,0.059896,0.062256,Aphomia
/home/lucien/projet_lepinoc/data/data/lepinoc2022-4/ann/f8ed17e874b519d1d7182c389d249edf.jpg,0.713867,0.510864,0.015625,0.016357,Lepidoptera
/home/lucien/projet_lepinoc/data/data/lepinoc2022-4/ann/8793452fc56fe8c7d109ef51a9ee6892.jpg,0.816406,0.531128,0.022786,0.026611,Lepidoptera
/home/lucien/projet_lepinoc/data/data/lepinoc2022-4/ann/8793452fc56fe8c7d109ef51a9ee6892.jpg,0.154134,0.720337,0.019857,0.029053,Lepidoptera
/home/lucien/projet_lepinoc/data/data/lepinoc2022-4/ann/51ce11385f7a515a0fab74f52a05606d.jpg,0.035319,0.125610,0.036133,0.043213,Lepidoptera
/home/lucien/projet_lepinoc/data/data/lepinoc2022-4/ann/79d54f1ce9192e53b7a35170928550d7.jpg,0.365234,0.061401,0.076823,0.069092,Sitochroa verticalis
/home/lucien/projet_lepinoc/data/data/lepinoc2022-4/ann/79d54f1ce9192e53b7a35170928550d7.jpg,0.892415,0.245605,0.066081,0.056152,Sitochroa verticalis
/home/lucien/projet_lepinoc/data/data/lepinoc2022-4/ann/79d54f1ce9192e53b7a35170928550d7.jpg,0.604492,0.056641,0.088542,0.043457,Scopula rubiginata
/home/lucien/projet_lepinoc/data/data/lepinoc2022-4/ann/79d54f1ce9192e53b7a35170928550d7.jpg,0.827637,0.227295,0.077799,0.037109,Scopula rubiginata
/home/lucien/projet_lepinoc/data/data/lepinoc2022-4/ann/79d54f1ce9192e53b7a35170928550d7.jpg,0.096680,0.289062,0.098307,0.034668,Scopula rubiginata
/home/lucien/projet_lepinoc/data/data/lepinoc2022-4/ann/79d54f1ce9192e53b7a35170928550d7.jpg,0.059245,0.176392,0.046875,0.038818,Geometridae
/home/lucien/projet_lepinoc/data/data/lepinoc2022-4/ann/79d54f1ce9192e53b7a35170928550d7.jpg,0.481120,0.147217,0.053385,0.034668,Crambidae
/home/lucien/projet_lepinoc/data/data/lepinoc2022-4/ann/79d54f1ce9192e53b7a35170928550d7.jpg,0.054199,0.349365,0.022461,0.057617,Eilema caniola
/home/lucien/projet_lepinoc/data/data/lepinoc2022-4/ann/79d54f1ce9192e53b7a35170928550d7.jpg,0.164551,0.319214,0.035482,0.039307,Pyralidae
/home/lucien/projet_lepinoc/data/data/lepinoc2022-4/ann/79d54f1ce9192e53b7a35170928550d7.jpg,0.986003,0.268555,0.027344,0.076660,Noctuidae
/home/lucien/projet_lepinoc/data/data/lepinoc2022-4/ann/79d54f1ce9192e53b7a35170928550d7.jpg,0.948079,0.325562,0.043294,0.048096,Noctuidae
/home/lucien/projet_lepinoc/data/data/lepinoc2022-4/ann/79d54f1ce9192e53b7a35170928550d7.jpg,0.712402,0.512817,0.042643,0.048096,Lepidoptera
/home/lucien/projet_lepinoc/data/data/lepinoc2022-4/ann/79d54f1ce9192e53b7a35170928550d7.jpg,0.128418,0.617188,0.033529,0.027832,Tortricidae
/home/lucien/projet_lepinoc/data/data/lepinoc2022-4/ann/79d54f1ce9192e53b7a35170928550d7.jpg,0.256348,0.619873,0.096029,0.045410,Geometridae
/home/lucien/projet_lepinoc/data/data/lepinoc2022-4/ann/79d54f1ce9192e53b7a35170928550d7.jpg,0.049642,0.781006,0.087565,0.031250,Geometridae
/home/lucien/projet_lepinoc/data/data/lepinoc2022-4/ann/79d54f1ce9192e53b7a35170928550d7.jpg,0.629395,0.972534,0.024414,0.025146,Lepidoptera
/home/lucien/projet_lepinoc/data/data/lepinoc2022-4/ann/79d54f1ce9192e53b7a35170928550d7.jpg,0.774089,0.955322,0.053385,0.066406,Eilema caniola
/home/lucien/projet_lepinoc/data/data/lepinoc2022-4/ann/4d355d13819989eaa053d27ccbb7d78f.jpg,0.187988,0.503540,0.064128,0.063721,Aphomia
/home/lucien/projet_lepinoc/data/data/lepinoc2022-4/ann/8252b50937a015731fd2a2cb4b02619a.jpg,0.157715,0.054321,0.072591,0.073975,Lepidoptera
/home/lucien/projet_lepinoc/data/data/lepinoc2022-4/ann/8252b50937a015731fd2a2cb4b02619a.jpg,0.109375,0.157715,0.058594,0.054199,Cryphia
/home/lucien/projet_lepinoc/data/data/lepinoc2022-4/ann/8252b50937a015731fd2a2cb4b02619a.jpg,0.848145,0.355835,0.055013,0.040771,Dolicharthria punctalis
/home/lucien/projet_lepinoc/data/data/lepinoc2022-4/ann/8252b50937a015731fd2a2cb4b02619a.jpg,0.142415,0.802979,0.027018,0.027832,Eudonia
/home/lucien/projet_lepinoc/data/data/lepinoc2022-4/ann/8252b50937a015731fd2a2cb4b02619a.jpg,0.378743,0.540161,0.026367,0.021729,Lepidoptera
/home/lucien/projet_lepinoc/data/data/lepinoc2022-4/ann/8252b50937a015731fd2a2cb4b02619a.jpg,0.640137,0.713501,0.036784,0.034424,Pyralidae
/home/lucien/projet_lepinoc/data/data/lepinoc2022-4/ann/6948d3b4621dbd8ce7db0484f5c4816f.jpg,0.369629,0.219482,0.041341,0.035645,Lepidoptera
/home/lucien/projet_lepinoc/data/data/lepinoc2022-4/ann/6948d3b4621dbd8ce7db0484f5c4816f.jpg,0.368164,0.315308,0.033854,0.069580,Nomophila noctuella
/home/lucien/projet_lepinoc/data/data/lepinoc2022-4/ann/952eac2695d697c295aa13983406e717.jpg,0.571940,0.412720,0.030599,0.035400,Lepidoptera
